motor_tipi,calisma_saati,titresim_rms_mms,titresim_kurtosis,sicaklik_C,akim_dengesizlik_pct,ariza
senkron,9454.0,2.53,2.86,69.0,2.35,0
asenkron,10980.0,2.55,4.14,45.1,2.99,0
asenkron,4522.0,1.49,4.41,46.2,3.41,0
senkron,16617.0,3.39,2.24,65.8,0.94,0
dc,7281.0,2.64,3.09,68.5,0.73,0
asenkron,18477.0,4.03,2.17,60.4,0.33,0
asenkron,1305.0,1.74,4.28,50.8,0.47,0
senkron,6931.0,2.27,4.34,55.6,3.25,0
asenkron,12757.0,2.94,3.56,65.9,0.87,0
senkron,5277.0,4.4,2.35,72.6,4.02,1
asenkron,6014.0,5.39,4.94,53.2,3.62,1
senkron,8460.0,2.13,3.19,61.2,2.24,0
asenkron,18263.0,3.99,3.13,60.8,5.96,1
asenkron,16955.0,3.37,4.18,61.0,3.01,0
dc,6867.0,1.81,2.17,54.6,0.45,0
asenkron,11972.0,2.58,1.7,70.1,4.03,0
dc,14485.0,4.18,5.52,69.9,6.27,1
asenkron,18145.0,3.61,2.98,57.8,1.12,0
dc,15013.0,3.86,4.4,65.6,1.89,0
asenkron,16152.0,2.88,4.14,57.0,0.51,0
senkron,19637.0,2.97,2.49,63.3,4.8,0
asenkron,11819.0,3.84,4.03,66.2,0.36,1
asenkron,3509.0,1.21,3.61,69.1,0.82,0
asenkron,16845.0,1.02,4.46,56.7,1.05,0
dc,10974.0,1.61,3.22,65.3,2.62,0
senkron,19134.0,4.06,2.79,48.3,1.61,0
asenkron,7097.0,3.56,3.44,84.4,5.6,1
asenkron,9198.0,1.11,3.77,24.0,0.85,0
senkron,1603.0,4.51,2.19,70.9,0.95,1
dc,8429.0,3.81,2.65,61.4,3.25,0
asenkron,6126.0,1.55,2.91,60.0,1.01,0
senkron,14919.0,0.85,3.65,54.5,0.34,1
asenkron,7407.0,1.32,4.6,53.7,2.5,0
senkron,17045.0,2.81,2.58,60.6,0.72,0
asenkron,15814.0,2.95,2.91,51.6,1.15,0
dc,12475.0,3.81,2.33,63.9,1.66,0
asenkron,4980.0,2.78,3.77,51.0,1.15,0
asenkron,10725.0,3.04,3.97,62.6,0.11,0
senkron,2965.0,1.52,4.74,46.9,0.78,0
dc,10744.0,2.73,3.17,48.1,1.46,0
asenkron,120.0,1.4,2.12,46.2,3.27,0
senkron,215.0,1.29,2.64,62.0,3.16,0
senkron,12322.0,5.68,2.17,67.6,2.77,1
asenkron,11988.0,3.4,1.99,55.6,1.53,0
senkron,3448.0,2.91,4.22,56.3,6.55,0
asenkron,3548.0,2.74,2.49,66.1,0.7,0
senkron,424.0,1.65,5.24,82.1,2.41,1
senkron,1001.0,4.49,2.97,64.7,1.38,0
asenkron,5798.0,2.14,2.89,56.1,1.39,0
asenkron,14017.0,3.26,4.06,70.2,4.34,0
asenkron,9998.0,4.44,6.1,78.1,3.95,1
asenkron,7024.0,3.83,2.15,74.2,0.44,0
senkron,3706.0,2.73,3.35,67.4,0.47,0
senkron,11497.0,3.31,3.21,39.2,4.24,0
dc,7693.0,2.85,2.77,68.0,0.64,0
senkron,10446.0,2.23,1.94,61.7,2.79,0
senkron,5206.0,1.86,3.15,54.3,1.88,0
senkron,8884.0,1.62,3.88,79.5,6.63,1
dc,8405.0,2.71,2.31,65.3,1.25,0
asenkron,18664.0,3.44,3.09,82.3,0.27,0
senkron,8180.0,1.24,3.1,62.7,3.99,0
senkron,900.0,2.57,4.54,33.5,1.33,0
asenkron,4064.0,2.38,3.83,61.0,3.26,0
senkron,18562.0,1.85,1.5,68.3,0.69,0
dc,4473.0,2.68,3.41,77.2,2.08,0
asenkron,9280.0,2.71,2.72,71.8,3.12,0
asenkron,13000.0,2.19,3.22,58.2,1.05,0
dc,2428.0,2.1,3.41,57.2,1.03,0
asenkron,4339.0,3.37,2.5,51.4,2.09,0
asenkron,5510.0,3.06,3.33,71.8,2.0,0
asenkron,15347.0,3.15,3.23,71.9,1.58,0
asenkron,16810.0,1.81,2.24,57.4,1.44,0
dc,10552.0,2.81,1.5,77.3,0.61,0
asenkron,728.0,2.93,1.98,54.5,0.92,0
senkron,3038.0,2.82,2.71,55.7,2.87,0
asenkron,8642.0,4.79,2.13,51.4,0.88,0
dc,15335.0,2.73,1.86,77.8,1.57,0
senkron,14205.0,4.5,3.75,56.5,1.4,0
dc,678.0,3.65,2.15,66.2,2.16,0
asenkron,10539.0,2.23,3.18,69.2,4.22,0
senkron,3528.0,1.27,3.03,61.0,8.18,0
senkron,6211.0,4.28,1.85,70.3,1.29,1
senkron,7913.0,2.93,2.43,67.9,1.6,0
asenkron,18472.0,6.38,7.16,59.9,1.88,1
asenkron,6892.0,4.23,3.24,58.6,3.35,0
asenkron,5458.0,2.28,1.5,62.1,1.0,0
senkron,17593.0,2.58,3.22,52.7,2.46,0
asenkron,4752.0,2.78,4.57,70.8,3.29,0
asenkron,15000.0,4.16,4.31,63.0,3.37,0
dc,3865.0,1.28,3.59,67.6,0.75,0
senkron,19645.0,1.97,2.18,65.9,2.93,0
asenkron,15229.0,2.58,2.41,73.1,3.33,0
senkron,18842.0,3.12,3.65,65.3,3.01,0
senkron,3067.0,0.2,2.66,56.4,1.85,0
senkron,10532.0,3.33,2.53,61.3,2.27,0
dc,13728.0,1.25,1.5,49.8,3.14,1
dc,10615.0,4.69,3.41,64.7,2.52,1
asenkron,8662.0,4.1,4.25,52.1,0.39,0
senkron,7775.0,1.47,3.04,53.2,0.57,0
senkron,17698.0,3.23,2.59,49.5,2.91,0
asenkron,8796.0,2.68,3.69,56.4,0.55,0
dc,3636.0,3.12,4.1,78.8,3.15,0
senkron,1831.0,1.82,4.56,86.9,1.87,0
asenkron,12244.0,3.11,3.28,66.2,1.9,1
asenkron,7334.0,4.87,3.56,64.8,2.37,1
dc,19485.0,3.41,2.75,48.7,0.42,0
senkron,5665.0,2.01,1.75,55.8,5.51,0
asenkron,7120.0,2.83,3.46,48.9,1.55,0
asenkron,2270.0,2.39,4.34,53.4,1.46,0
asenkron,17003.0,3.62,1.55,67.6,3.35,1
senkron,10550.0,2.19,2.93,62.4,1.46,0
asenkron,12018.0,2.03,2.01,55.6,6.97,0
asenkron,9607.0,3.46,2.39,67.3,0.79,0
senkron,4938.0,2.37,4.06,64.5,0.08,0
senkron,17360.0,3.35,3.31,70.6,4.75,1
asenkron,2343.0,3.47,1.85,68.6,1.93,0
dc,7591.0,2.22,2.49,61.5,1.18,0
senkron,6985.0,3.22,4.32,75.2,1.05,0
asenkron,2845.0,2.55,1.92,73.3,3.17,0
asenkron,14283.0,3.12,3.23,61.7,2.21,0
asenkron,1310.0,4.03,3.77,52.4,1.27,0
asenkron,6571.0,2.61,1.76,58.2,0.85,0
asenkron,6441.0,3.06,3.49,50.7,3.53,0
asenkron,11352.0,3.11,3.05,61.6,3.73,0
asenkron,18975.0,3.88,2.55,72.0,2.95,0
dc,18678.0,2.45,2.9,64.8,1.86,0
senkron,19005.0,4.22,3.09,55.3,3.95,0
senkron,12805.0,3.43,3.03,64.8,12.1,1
asenkron,15215.0,1.27,3.77,70.1,3.65,0
asenkron,3660.0,0.77,2.3,71.7,2.19,0
asenkron,1025.0,3.39,2.74,76.9,3.16,1
asenkron,9183.0,3.21,3.32,59.1,1.33,0
senkron,12763.0,2.24,4.99,61.8,2.65,0
asenkron,3965.0,3.73,3.77,66.1,2.6,0
asenkron,15106.0,3.41,1.95,61.2,0.77,0
asenkron,18437.0,1.68,3.19,63.1,3.58,0
asenkron,8939.0,1.51,3.12,73.2,1.47,0
dc,115.0,1.81,3.1,68.5,0.5,0
asenkron,11070.0,2.48,2.76,56.9,2.45,0
senkron,8050.0,3.0,3.5,52.5,0.62,0
asenkron,4877.0,1.58,2.92,64.7,2.74,0
asenkron,5998.0,3.41,4.42,50.8,1.58,1
asenkron,5030.0,2.42,3.08,57.7,8.12,0
asenkron,16320.0,2.13,1.8,69.1,0.99,0
senkron,11417.0,4.01,3.88,64.7,3.13,0
asenkron,14459.0,4.51,4.01,55.3,1.8,0
senkron,17341.0,2.38,2.93,69.5,0.74,0
asenkron,1135.0,2.23,3.34,56.4,0.31,0
asenkron,7471.0,2.87,2.7,67.5,1.26,0
asenkron,18190.0,3.2,3.54,61.1,0.59,0
senkron,9112.0,3.88,4.71,62.1,3.8,1
asenkron,19927.0,2.75,3.56,65.9,1.08,0
dc,9326.0,3.02,2.37,51.9,1.99,0
dc,7680.0,0.86,5.72,84.6,6.32,1
asenkron,11133.0,1.32,2.43,79.7,1.43,0
dc,202.0,1.61,3.48,69.4,0.86,0
asenkron,3186.0,3.7,4.11,70.7,0.91,0
asenkron,4248.0,3.11,3.39,59.0,2.09,1
asenkron,18230.0,2.03,1.5,69.3,2.64,0
asenkron,2573.0,1.93,3.5,67.7,0.38,0
dc,14348.0,3.33,1.96,68.8,1.12,0
senkron,17408.0,3.35,2.39,59.8,3.81,0
asenkron,1258.0,3.17,4.57,63.3,0.95,0
dc,7532.0,2.58,2.52,60.7,0.69,0
asenkron,15608.0,2.46,2.77,64.9,4.7,0
senkron,12960.0,1.36,4.45,77.3,8.0,0
dc,11529.0,2.65,3.9,79.8,0.47,0
asenkron,14018.0,2.68,2.2,70.3,0.24,0
asenkron,1972.0,4.0,3.52,62.0,1.13,0
senkron,13098.0,3.91,1.67,65.4,1.99,0
asenkron,5496.0,2.36,2.06,63.5,1.03,0
asenkron,13193.0,1.82,3.77,49.1,1.38,0
asenkron,14900.0,4.42,3.46,66.0,5.49,1
senkron,10060.0,0.48,2.35,50.0,0.41,0
asenkron,17783.0,3.2,3.93,73.6,1.1,0
asenkron,6639.0,3.64,2.97,57.6,2.67,0
asenkron,8383.0,2.62,3.62,66.0,0.49,0
asenkron,12170.0,3.41,1.66,60.4,2.04,0
dc,4530.0,1.92,1.77,53.3,1.38,0
asenkron,12257.0,4.28,2.24,62.1,1.55,0
dc,14230.0,5.58,3.63,57.8,0.37,0
asenkron,15717.0,3.95,3.23,69.1,5.11,0
asenkron,18550.0,6.86,2.9,52.0,3.61,1
senkron,3103.0,3.11,3.89,62.2,0.57,0
senkron,4711.0,2.36,3.36,82.0,2.61,0
asenkron,10195.0,2.48,3.76,66.7,1.04,0
asenkron,8432.0,2.41,3.09,65.1,0.92,0
asenkron,3668.0,2.38,2.37,70.9,1.67,0
senkron,8215.0,2.77,3.7,50.5,2.01,0
dc,5164.0,2.94,2.5,70.7,1.64,0
dc,2989.0,2.98,2.81,86.4,6.37,1
asenkron,871.0,3.13,3.13,63.5,0.96,0
asenkron,17457.0,1.99,3.18,55.7,1.91,0
asenkron,7779.0,5.25,1.5,80.1,2.0,1
dc,12508.0,2.76,3.54,71.1,3.21,0
asenkron,3617.0,2.8,2.24,54.7,0.81,0
asenkron,16090.0,3.33,3.71,70.3,4.93,1
asenkron,2103.0,2.88,4.14,55.7,3.54,1
dc,4237.0,2.15,2.44,68.0,1.41,0
asenkron,13753.0,2.12,2.0,77.7,2.18,0
asenkron,12415.0,2.66,1.89,58.6,1.44,0
senkron,4389.0,2.8,1.5,71.0,1.11,1
asenkron,11137.0,3.4,3.46,63.4,2.88,0
senkron,14795.0,6.08,4.05,70.8,2.47,1
asenkron,5864.0,2.72,2.38,75.9,0.82,0
asenkron,7905.0,2.09,2.96,69.0,1.05,0
senkron,10041.0,3.16,2.86,65.1,1.14,0
senkron,3771.0,2.23,4.77,49.6,2.81,0
senkron,2678.0,3.11,2.21,58.8,0.25,0
asenkron,2278.0,4.12,3.52,76.1,3.82,1
asenkron,4583.0,2.74,2.63,67.0,0.97,0
asenkron,12819.0,4.73,3.19,54.9,2.27,0
dc,4823.0,2.41,3.57,52.0,1.37,0
asenkron,19689.0,2.65,3.67,57.2,2.06,0
asenkron,13619.0,0.87,3.03,67.0,1.26,0
asenkron,6730.0,2.64,3.12,61.1,1.34,0
senkron,1669.0,1.45,4.02,55.3,0.96,0
asenkron,18544.0,2.79,1.61,46.0,1.52,0
senkron,11346.0,2.79,1.71,49.6,2.38,0
asenkron,15877.0,1.48,3.71,50.6,1.35,0
senkron,19830.0,1.39,1.5,59.2,1.26,0
asenkron,4296.0,3.42,2.87,53.7,0.91,0
asenkron,3029.0,2.13,3.37,60.2,1.24,0
asenkron,3738.0,3.69,4.96,73.0,1.23,0
asenkron,10891.0,1.47,2.67,59.0,2.74,0
senkron,5151.0,1.29,2.42,50.9,5.33,0
dc,6127.0,4.34,7.97,76.5,2.4,1
asenkron,9343.0,4.18,2.26,72.1,0.2,0
asenkron,8571.0,1.19,1.71,60.6,0.88,0
senkron,19782.0,3.52,4.29,54.4,0.86,0
senkron,14419.0,4.74,2.27,64.1,1.49,0
senkron,6587.0,3.71,1.5,75.3,0.39,0
asenkron,2381.0,3.27,3.92,46.7,3.82,0
asenkron,17111.0,2.95,1.93,69.4,4.17,0
asenkron,5993.0,1.91,2.96,67.4,0.94,0
senkron,10595.0,3.45,2.64,65.3,1.56,0
asenkron,14077.0,3.23,2.85,68.5,2.07,0
senkron,1688.0,5.85,2.06,76.2,4.16,1
dc,5997.0,1.02,1.99,49.4,1.85,0
asenkron,6204.0,1.44,3.3,58.3,0.86,0
asenkron,9948.0,3.03,2.25,54.1,0.58,0
asenkron,7283.0,3.01,1.68,64.3,4.5,0
asenkron,2177.0,1.65,4.6,59.9,0.48,0
asenkron,12628.0,4.07,3.14,54.6,0.92,0
asenkron,582.0,2.98,3.7,67.4,3.91,0
asenkron,16647.0,3.56,2.37,67.3,3.21,0
asenkron,10855.0,2.85,2.82,70.8,2.56,0
senkron,10880.0,2.23,2.09,62.5,0.77,0
dc,17684.0,1.58,3.01,55.8,1.91,0
asenkron,3561.0,1.46,1.75,65.3,0.45,0
asenkron,1810.0,2.1,3.2,65.2,0.71,0
asenkron,13053.0,5.52,2.43,65.8,4.16,1
dc,10267.0,2.45,3.13,47.5,1.39,0
dc,17280.0,2.99,2.72,51.6,1.65,0
senkron,5978.0,2.62,3.7,51.4,0.57,0
asenkron,7566.0,3.12,2.29,58.8,0.2,0
senkron,9335.0,3.28,2.68,53.7,2.61,0
dc,7652.0,2.36,4.46,71.7,3.0,0
dc,2631.0,4.19,2.85,52.3,2.48,1
senkron,8324.0,2.53,4.9,60.5,0.83,0
asenkron,8389.0,1.53,2.69,57.0,1.14,0
asenkron,14519.0,4.61,2.06,53.9,4.78,0
senkron,12919.0,6.34,3.98,69.5,4.47,1
asenkron,18883.0,5.05,2.56,57.6,3.29,1
asenkron,12396.0,1.6,3.12,59.8,0.81,0
asenkron,12150.0,3.09,1.6,65.8,4.48,0
dc,8060.0,2.08,2.85,77.3,2.09,0
asenkron,3047.0,2.7,3.56,75.2,1.62,0
asenkron,17010.0,2.82,2.37,55.8,0.95,0
senkron,17254.0,3.53,3.34,75.0,2.47,0
dc,9555.0,2.5,3.3,67.6,1.02,0
senkron,12259.0,1.85,3.8,69.0,0.12,0
dc,2097.0,4.61,3.97,54.7,3.07,1
senkron,2486.0,3.25,3.98,61.1,1.08,0
asenkron,499.0,2.61,2.82,69.9,1.04,0
dc,11847.0,2.84,1.84,71.5,1.71,0
asenkron,12102.0,4.61,5.49,66.3,2.43,1
asenkron,10556.0,3.11,3.11,62.4,2.9,0
asenkron,16329.0,3.72,4.11,71.9,0.19,0
asenkron,8225.0,3.31,4.98,61.6,2.29,1
asenkron,17324.0,2.87,2.17,44.5,2.04,0
asenkron,10331.0,2.45,2.41,61.0,1.43,0
asenkron,9256.0,5.09,4.93,74.5,5.49,1
dc,316.0,3.5,4.59,67.3,2.15,0
senkron,15452.0,5.17,2.38,82.2,0.95,0
asenkron,11970.0,3.83,2.57,65.3,5.37,0
asenkron,6316.0,0.75,3.43,61.0,4.7,0
asenkron,11143.0,2.52,2.49,49.9,1.46,0
senkron,5167.0,4.29,6.0,71.3,3.16,1
asenkron,16524.0,5.47,2.98,59.6,0.82,0
dc,11315.0,1.88,2.39,57.6,2.32,0
senkron,12898.0,4.23,4.69,75.7,6.93,1
senkron,999.0,2.77,1.85,55.2,1.02,0
asenkron,17853.0,1.08,2.92,64.2,1.92,0
asenkron,9944.0,2.39,2.54,67.5,1.0,0
asenkron,5198.0,3.38,3.32,56.6,4.38,0
asenkron,9091.0,2.89,3.53,65.8,2.42,0
dc,5101.0,1.43,3.34,55.0,2.7,0
asenkron,12127.0,4.48,3.42,68.7,1.35,1
asenkron,16538.0,6.75,3.93,69.4,2.16,1
asenkron,11595.0,3.37,4.2,76.4,4.47,1
senkron,11404.0,2.9,5.55,71.1,3.98,1
asenkron,15189.0,5.47,2.71,67.8,2.75,0
asenkron,4313.0,2.98,2.8,67.6,3.4,1
senkron,9578.0,3.6,4.99,61.3,1.32,0
senkron,824.0,0.57,3.31,72.0,2.62,0
asenkron,3723.0,1.47,3.05,51.2,2.56,0
asenkron,7019.0,2.26,2.49,64.0,1.88,0
senkron,17162.0,5.14,3.63,67.4,3.27,1
asenkron,10250.0,3.67,1.5,74.2,1.91,1
asenkron,5371.0,2.4,3.11,64.1,2.84,0
asenkron,317.0,1.84,2.15,68.2,2.63,0
asenkron,6799.0,3.57,3.17,61.5,0.17,0
asenkron,16053.0,5.05,3.87,63.6,4.35,1
asenkron,14994.0,2.48,3.24,67.7,3.24,0
dc,6640.0,2.8,5.5,87.8,1.49,1
asenkron,252.0,3.74,4.14,55.0,1.31,0
asenkron,4098.0,1.12,2.1,71.8,2.28,0
senkron,17755.0,4.62,5.05,70.6,1.47,0
asenkron,2117.0,0.84,3.36,73.3,1.74,0
asenkron,11694.0,2.78,3.32,61.1,1.32,0
senkron,170.0,1.56,2.4,59.1,0.73,1
senkron,9740.0,2.74,3.15,62.5,1.88,0
asenkron,16865.0,3.0,4.22,55.6,0.97,0
senkron,10240.0,1.63,3.14,71.5,3.04,0
dc,8649.0,2.97,2.18,64.2,0.14,0
asenkron,11546.0,3.0,2.81,75.0,1.95,1
senkron,1973.0,2.08,4.56,60.6,0.49,0
dc,14084.0,2.96,2.71,68.2,1.04,0
asenkron,12766.0,2.93,1.5,61.7,1.4,0
senkron,10759.0,2.79,1.72,75.1,1.52,0
dc,8461.0,2.67,2.25,56.6,1.64,0
asenkron,10212.0,2.8,4.14,59.5,4.85,0
senkron,3600.0,2.06,2.72,64.1,1.7,0
dc,2683.0,1.47,3.34,77.5,2.13,0
asenkron,10959.0,3.76,1.82,63.2,0.66,0
asenkron,4842.0,1.54,2.84,61.9,1.64,0
asenkron,15486.0,3.19,3.66,53.3,0.75,0
asenkron,19014.0,4.61,2.73,62.7,3.49,0
asenkron,15500.0,2.68,3.93,60.3,1.65,0
asenkron,12727.0,2.73,2.7,68.0,0.9,0
asenkron,12346.0,2.88,2.69,50.0,1.04,0
asenkron,5231.0,3.11,2.84,56.0,1.91,0
asenkron,10666.0,3.12,4.49,79.3,5.91,0
dc,19259.0,5.92,2.04,52.6,0.61,0
asenkron,13565.0,1.31,2.96,65.4,1.26,0
asenkron,387.0,1.88,3.64,63.2,1.69,0
dc,13828.0,2.9,2.97,70.9,2.97,0
senkron,3120.0,3.08,3.56,68.1,0.87,0
dc,1805.0,3.03,3.42,55.5,0.24,0
asenkron,13492.0,3.03,3.79,68.6,0.2,0
asenkron,5771.0,3.89,4.8,62.8,1.23,0
asenkron,11028.0,2.18,2.55,62.6,1.07,0
senkron,6325.0,2.84,2.81,58.3,1.14,0
asenkron,10369.0,3.31,1.89,77.2,0.28,0
asenkron,14313.0,1.44,3.85,76.0,0.17,0
asenkron,6584.0,2.82,1.64,57.2,0.84,0
senkron,12725.0,2.32,1.5,65.3,1.67,0
asenkron,9717.0,3.77,1.79,59.6,1.52,0
asenkron,11930.0,3.81,3.71,68.3,2.67,0
dc,1307.0,0.21,2.53,67.5,0.19,0
asenkron,17727.0,3.19,4.59,70.3,1.13,0
asenkron,19593.0,4.25,5.95,68.8,1.71,1
senkron,3892.0,1.82,2.27,69.4,2.32,0
asenkron,1093.0,2.32,4.32,58.8,2.95,0
asenkron,7371.0,4.97,5.01,74.1,2.81,1
asenkron,12790.0,2.55,2.11,53.1,6.19,0
dc,2143.0,1.16,2.84,66.4,2.02,0
asenkron,2218.0,1.25,2.05,72.2,3.18,0
asenkron,16588.0,5.45,2.96,77.1,1.4,1
asenkron,1894.0,3.86,3.32,78.5,0.74,0
asenkron,19834.0,3.01,2.73,66.0,2.92,0
asenkron,9103.0,2.82,2.33,70.2,6.32,1
senkron,13618.0,2.31,1.6,51.3,2.32,0
senkron,2043.0,7.06,5.03,66.3,7.42,1
asenkron,16421.0,4.15,2.86,47.6,1.77,0
dc,2723.0,2.17,2.53,60.0,3.26,0
asenkron,8758.0,3.53,2.4,69.3,0.72,0
dc,11762.0,3.62,4.37,72.4,2.51,0
dc,1311.0,2.77,2.34,70.8,0.14,0
asenkron,18795.0,2.64,1.8,77.4,0.11,0
asenkron,17535.0,3.96,3.15,56.1,2.79,0
asenkron,735.0,4.03,6.16,76.4,4.51,1
senkron,6650.0,7.25,5.04,80.5,1.84,1
senkron,882.0,0.23,3.8,61.2,4.27,1
asenkron,8688.0,0.99,3.65,67.3,2.05,0
senkron,2883.0,2.72,3.47,49.5,2.09,0
dc,14446.0,4.46,3.76,80.2,2.62,1
asenkron,4986.0,1.9,4.37,63.8,7.09,1
asenkron,6941.0,2.61,2.62,64.3,0.73,0
dc,13910.0,4.71,4.17,58.5,2.8,0
asenkron,12871.0,3.65,2.1,69.2,3.1,0
dc,19858.0,2.18,4.34,68.4,1.31,0
asenkron,926.0,2.96,3.72,54.8,5.72,0
asenkron,7743.0,2.99,1.5,98.7,11.97,1
senkron,12182.0,6.11,6.49,54.9,0.25,1
asenkron,8562.0,3.03,2.46,66.6,2.07,0
senkron,3482.0,1.97,3.53,74.4,1.45,0
asenkron,17240.0,3.53,2.57,59.2,2.56,0
asenkron,7063.0,3.38,3.05,61.0,1.4,0
asenkron,17063.0,2.74,4.8,59.5,1.71,0
asenkron,12188.0,3.74,3.93,69.6,0.59,0
dc,6126.0,2.42,3.17,71.3,1.12,0
dc,3541.0,2.85,3.06,67.5,1.29,0
asenkron,12993.0,3.37,6.23,52.7,6.42,1
asenkron,17113.0,3.73,3.66,68.5,4.39,0
senkron,13076.0,2.2,2.25,57.2,0.95,0
asenkron,18349.0,2.37,5.3,64.5,1.58,0
dc,1394.0,3.21,2.76,72.4,5.05,0
asenkron,6479.0,3.15,3.49,52.5,2.25,0
asenkron,15453.0,3.64,3.48,52.3,3.46,0
asenkron,5741.0,2.19,4.78,69.4,0.83,1
asenkron,2750.0,3.63,3.46,64.5,1.31,0
senkron,15980.0,2.56,3.96,80.5,3.77,1
asenkron,13947.0,2.46,3.06,75.2,3.59,0
asenkron,4488.0,3.5,4.03,65.8,0.8,0
asenkron,15597.0,2.82,3.66,63.5,5.35,0
asenkron,19872.0,3.15,3.61,49.3,3.25,0
dc,2796.0,2.23,3.28,73.4,1.26,0
asenkron,14352.0,1.71,1.5,52.9,0.99,0
asenkron,2928.0,2.72,3.55,58.5,3.17,0
asenkron,15014.0,3.91,4.68,55.4,2.33,0
asenkron,4844.0,2.38,2.34,56.4,0.8,0
asenkron,7465.0,3.68,3.13,65.8,0.83,0
asenkron,4947.0,2.07,2.41,52.9,2.55,0
senkron,431.0,2.29,2.86,69.5,0.35,0
asenkron,11330.0,2.66,2.77,71.8,2.77,0
asenkron,4925.0,2.4,4.09,63.5,0.73,0
asenkron,17285.0,2.98,3.23,65.8,0.84,0
asenkron,13803.0,1.75,2.09,71.4,0.98,0
asenkron,5687.0,2.2,2.57,64.8,1.63,0
asenkron,3082.0,2.51,5.82,59.4,1.24,0
senkron,17998.0,2.21,3.51,62.0,1.23,0
asenkron,17069.0,2.46,2.4,63.5,1.93,0
asenkron,12818.0,2.78,2.13,66.3,1.6,0
asenkron,9263.0,2.84,3.66,64.8,0.65,0
asenkron,8974.0,5.02,3.28,63.0,1.87,0
asenkron,17273.0,2.29,3.76,60.8,1.26,0
asenkron,19931.0,4.02,2.15,68.7,0.69,0
asenkron,12141.0,4.91,1.5,70.9,1.1,1
asenkron,6719.0,3.38,4.16,61.7,1.08,0
asenkron,17648.0,3.4,4.4,72.6,1.28,1
asenkron,1892.0,2.05,2.72,60.2,0.28,0
asenkron,11808.0,5.17,6.21,74.4,4.54,1
asenkron,19448.0,2.62,4.86,75.9,0.59,0
senkron,9355.0,2.54,2.18,59.4,0.61,1
asenkron,3009.0,0.64,3.8,51.2,2.77,0
asenkron,12335.0,2.67,3.25,47.0,0.7,0
senkron,7991.0,2.62,4.19,75.4,0.88,0
asenkron,7316.0,2.32,2.58,64.6,6.42,0
asenkron,3606.0,4.16,2.61,52.4,1.09,0
senkron,8252.0,2.12,4.18,61.2,0.44,0
asenkron,3028.0,2.36,2.58,56.8,1.94,0
senkron,5562.0,2.24,4.95,65.1,0.26,0
asenkron,2835.0,1.1,2.91,54.3,0.22,0
senkron,431.0,2.94,4.01,58.1,0.99,0
asenkron,11692.0,1.98,4.06,73.6,1.27,0
asenkron,9734.0,2.19,3.2,67.7,1.42,0
senkron,9917.0,2.56,4.1,78.8,0.14,0
asenkron,7678.0,3.04,1.98,73.3,1.4,0
asenkron,587.0,3.71,2.55,57.1,0.61,0
asenkron,14127.0,4.69,1.87,64.8,4.67,0
asenkron,13821.0,3.73,3.25,43.8,0.55,0
dc,18946.0,4.15,2.45,68.5,0.45,0
asenkron,11876.0,1.79,2.5,58.2,1.22,0
dc,18055.0,2.56,2.31,70.9,2.42,0
dc,13825.0,2.92,3.37,50.4,1.18,0
senkron,5680.0,3.22,2.24,49.9,3.66,0
asenkron,19155.0,3.74,3.8,69.4,4.12,0
asenkron,11459.0,3.36,3.16,59.6,1.22,0
asenkron,4664.0,4.02,2.34,68.5,1.23,0
dc,344.0,2.36,2.87,62.9,1.51,0
asenkron,13389.0,2.9,3.45,60.0,2.06,0
dc,19361.0,4.88,2.9,66.3,1.34,0
asenkron,10629.0,4.04,3.46,55.9,3.38,0
asenkron,9070.0,2.61,3.62,70.2,1.22,0
asenkron,5878.0,1.79,5.52,56.1,3.34,0
asenkron,18131.0,3.38,4.14,57.2,1.69,0
asenkron,10602.0,3.0,3.3,69.1,2.22,1
asenkron,364.0,3.27,3.04,63.1,2.75,0
senkron,7339.0,3.01,3.51,71.1,0.39,0
asenkron,14680.0,5.27,2.33,66.3,0.8,0
dc,11411.0,3.14,2.78,60.4,1.52,0
asenkron,16060.0,3.9,2.78,63.7,2.21,0
asenkron,9274.0,3.54,2.96,65.7,1.9,0
senkron,2677.0,2.52,2.47,47.2,1.07,0
asenkron,13095.0,2.74,2.58,52.3,3.17,0
asenkron,12924.0,2.33,2.05,58.7,0.53,0
dc,7781.0,2.11,4.81,72.5,0.14,0
asenkron,828.0,0.62,5.07,60.1,6.9,1
asenkron,6594.0,2.75,3.96,63.8,2.11,0
asenkron,5131.0,2.89,2.46,59.4,1.37,0
asenkron,11828.0,3.29,2.24,76.6,4.02,0
asenkron,10752.0,1.77,2.59,71.1,1.25,0
asenkron,16931.0,4.14,2.08,60.9,0.02,0
asenkron,15633.0,4.06,3.13,54.1,1.64,0
dc,12527.0,2.86,2.91,67.9,1.26,0
dc,18480.0,4.71,2.05,57.4,1.91,0
asenkron,6666.0,3.28,3.6,49.5,0.05,0
asenkron,10063.0,1.74,3.33,57.0,0.78,0
asenkron,11053.0,4.76,4.16,66.7,0.88,0
asenkron,8361.0,1.67,2.16,61.5,0.84,0
asenkron,19546.0,3.77,3.03,76.0,1.51,0
senkron,6307.0,2.47,4.26,72.8,0.41,0
asenkron,7955.0,2.79,3.07,67.5,0.32,0
dc,9636.0,3.3,5.42,85.4,3.45,1
asenkron,10224.0,1.68,2.05,63.2,0.96,0
asenkron,9563.0,1.53,3.0,61.4,1.51,0
asenkron,6970.0,2.48,3.86,68.4,0.12,0
dc,14311.0,1.76,3.13,63.9,1.21,0
asenkron,1547.0,2.34,3.84,62.0,1.24,0
asenkron,15544.0,2.9,2.74,60.0,0.49,0
asenkron,19108.0,3.97,3.02,53.5,3.61,0
asenkron,14816.0,4.64,2.24,60.6,1.81,0
asenkron,847.0,1.59,2.54,66.1,3.03,0
dc,5120.0,2.66,2.69,65.2,0.31,0
senkron,3005.0,1.02,2.47,53.4,1.55,0
senkron,18664.0,3.38,4.2,49.9,1.71,0
dc,12268.0,3.65,2.46,60.0,2.56,0
senkron,7582.0,3.52,3.96,60.4,1.25,0
dc,8122.0,2.77,2.23,61.0,0.52,0
asenkron,1693.0,2.7,2.27,61.3,1.27,0
asenkron,7898.0,2.37,2.88,68.1,1.86,0
asenkron,18011.0,1.98,3.05,60.6,0.87,0
dc,5279.0,3.55,3.79,57.9,0.14,0
asenkron,5455.0,4.61,4.01,64.3,2.11,0
asenkron,16896.0,2.86,1.5,65.7,1.27,0
senkron,13340.0,2.08,3.75,52.9,0.46,0
asenkron,12692.0,2.31,3.51,66.5,3.08,0
asenkron,3253.0,2.17,3.25,65.0,2.63,0
dc,12986.0,4.68,2.54,74.2,1.69,0
senkron,19127.0,3.62,2.82,52.5,0.48,0
asenkron,12968.0,3.35,3.25,70.8,0.35,0
asenkron,13614.0,3.64,2.8,54.8,2.95,0
senkron,6002.0,2.58,4.1,61.0,1.28,1
senkron,3315.0,2.25,3.44,53.7,0.63,0
asenkron,13265.0,1.4,2.72,62.0,0.37,0
asenkron,7825.0,3.43,4.06,48.8,0.92,0
senkron,13070.0,1.96,2.78,63.1,1.09,0
senkron,6429.0,4.38,2.36,67.7,2.61,1
senkron,8459.0,1.8,1.82,52.6,0.1,0
asenkron,2789.0,2.51,1.5,67.1,2.8,0
dc,6484.0,3.45,1.7,72.0,3.86,0
asenkron,8005.0,3.5,3.78,54.2,2.07,0
asenkron,12778.0,5.76,5.36,59.3,1.16,1
asenkron,2288.0,3.15,3.31,67.1,3.61,0
asenkron,509.0,1.17,1.94,60.8,2.26,0
asenkron,2035.0,2.58,3.03,47.6,1.97,1
senkron,7856.0,2.26,2.17,51.6,4.11,0
senkron,16519.0,3.05,2.31,38.3,1.81,1
senkron,12884.0,2.19,4.17,53.6,0.77,0
asenkron,14194.0,1.66,2.96,70.6,2.15,0
asenkron,16589.0,2.84,3.39,61.4,1.05,1
asenkron,17071.0,5.13,4.22,78.8,3.58,1
senkron,12054.0,1.79,3.1,55.0,3.99,1
asenkron,10935.0,0.7,4.9,69.7,0.71,0
asenkron,12933.0,4.37,2.69,52.4,0.59,0
asenkron,3464.0,2.64,3.78,64.4,1.27,0
asenkron,5719.0,3.53,1.53,58.3,0.39,0
asenkron,19807.0,5.59,2.46,59.5,5.03,0
senkron,16640.0,1.95,2.78,52.2,0.55,0
senkron,9092.0,3.79,2.95,68.0,0.89,0
senkron,1813.0,2.06,2.37,63.6,3.24,0
asenkron,3871.0,3.45,2.46,77.2,3.37,0
asenkron,11265.0,4.09,3.0,57.9,1.42,1
dc,5925.0,3.3,2.98,62.2,1.29,0
asenkron,5420.0,4.5,3.92,62.1,1.23,0
asenkron,10498.0,3.25,3.29,59.8,8.73,1
dc,1036.0,2.7,2.98,74.2,2.95,0
asenkron,2890.0,2.27,4.58,63.1,3.81,1
asenkron,6629.0,3.11,2.48,69.1,0.36,0
asenkron,8588.0,3.67,6.84,73.4,4.6,1
dc,313.0,3.17,3.6,87.1,0.86,0
asenkron,12151.0,4.89,1.66,64.3,1.16,0
senkron,935.0,3.22,1.94,75.5,1.11,1
dc,6338.0,2.34,3.4,64.7,1.01,0
asenkron,11209.0,3.3,1.65,65.8,1.04,0
senkron,5357.0,2.5,2.57,67.3,2.82,1
asenkron,2821.0,2.14,2.38,59.0,1.85,0
dc,5142.0,3.0,2.8,80.7,1.22,0
asenkron,2828.0,3.74,3.88,65.5,0.13,0
asenkron,14561.0,3.7,2.48,51.1,0.2,0
asenkron,3671.0,2.67,1.71,52.3,4.46,0
asenkron,17927.0,2.6,2.88,69.1,0.61,0
dc,7190.0,3.45,1.72,75.0,0.43,0
dc,2863.0,3.16,2.52,83.4,1.92,0
dc,1665.0,3.97,3.79,72.6,0.33,0
senkron,1015.0,3.35,1.92,67.1,0.73,0
asenkron,12865.0,2.98,3.99,54.3,2.01,0
senkron,4872.0,4.19,3.37,55.8,0.13,0
dc,4883.0,3.71,2.97,56.8,0.94,0
asenkron,18348.0,3.87,2.86,69.2,2.3,1
asenkron,16982.0,4.03,3.86,46.0,1.23,0
dc,15934.0,4.1,3.57,78.4,0.75,0
asenkron,14128.0,3.8,2.26,53.1,2.64,0
asenkron,18437.0,5.54,4.0,87.0,12.63,1
asenkron,15800.0,2.55,4.21,72.7,3.39,1
asenkron,14294.0,3.38,3.84,47.3,2.67,0
senkron,13158.0,2.48,2.73,55.2,0.68,0
asenkron,8388.0,2.33,4.18,56.5,5.7,1
senkron,15356.0,2.04,2.7,68.5,0.85,0
senkron,19746.0,4.82,5.05,81.7,2.86,1
asenkron,13730.0,2.07,1.82,59.5,0.9,0
asenkron,11453.0,3.14,2.42,67.2,3.86,0
senkron,3211.0,4.01,3.69,71.8,3.83,0
senkron,1331.0,1.36,2.51,64.5,0.56,1
asenkron,4257.0,1.47,3.12,57.9,1.45,0
asenkron,10140.0,2.47,5.12,72.0,1.96,0
asenkron,134.0,1.95,2.36,71.6,1.82,0
asenkron,14088.0,1.3,2.23,63.6,0.31,0
asenkron,7481.0,3.25,3.52,55.2,2.84,0
asenkron,15397.0,3.75,2.48,59.8,0.58,1
senkron,2748.0,3.24,2.61,51.4,0.44,0
asenkron,366.0,2.96,3.55,62.1,1.97,0
asenkron,13697.0,1.2,2.81,51.5,1.0,0
dc,14944.0,0.21,1.77,61.0,5.95,0
asenkron,3878.0,2.52,2.61,68.4,1.87,0
senkron,15161.0,2.06,3.21,51.1,0.49,0
senkron,5299.0,2.97,2.08,68.1,0.6,0
asenkron,18143.0,2.41,2.21,65.0,1.81,0
senkron,6420.0,2.85,2.02,63.6,0.35,0
asenkron,3511.0,3.44,1.51,62.6,0.32,0
asenkron,17419.0,2.5,2.67,52.6,0.91,0
asenkron,1652.0,2.1,1.73,68.3,2.57,0
asenkron,17095.0,3.87,4.2,54.0,1.17,0
asenkron,10280.0,1.54,4.48,67.0,1.17,0
asenkron,12475.0,3.16,2.38,53.6,0.34,0
asenkron,8448.0,1.49,4.23,64.8,1.47,0
dc,10274.0,1.17,1.55,72.7,1.56,0
asenkron,13005.0,3.48,3.45,55.0,0.46,0
senkron,1118.0,3.76,2.87,72.9,4.03,1
senkron,4788.0,5.11,4.03,55.1,2.82,0
asenkron,4277.0,2.61,3.61,57.5,3.42,0
asenkron,2654.0,3.36,2.55,68.4,3.56,0
asenkron,12946.0,3.41,1.5,57.4,4.42,0
senkron,11575.0,2.18,2.71,56.1,1.02,0
asenkron,9623.0,2.77,3.08,49.3,4.7,0
asenkron,16153.0,1.89,2.97,75.6,1.02,0
asenkron,11821.0,1.71,3.66,67.3,2.35,0
asenkron,969.0,1.95,3.32,67.9,3.05,0
asenkron,15970.0,3.68,4.02,59.6,1.36,1
asenkron,6163.0,4.48,3.04,50.6,1.36,0
asenkron,1154.0,2.59,2.95,56.5,1.14,0
asenkron,10522.0,3.34,3.89,65.2,1.57,0
asenkron,10169.0,3.19,2.85,58.3,0.39,0
asenkron,1742.0,2.08,2.77,59.7,1.85,0
senkron,11813.0,3.57,3.09,63.2,0.16,0
senkron,5423.0,2.31,3.46,38.8,0.64,0
senkron,19735.0,3.52,3.38,69.2,1.8,0
asenkron,12889.0,2.29,1.5,58.0,1.22,0
asenkron,17924.0,3.76,3.99,35.7,3.15,0
asenkron,5738.0,0.64,2.03,55.2,0.49,0
senkron,16902.0,3.55,1.82,61.6,2.77,0
senkron,7803.0,3.9,3.4,67.6,2.79,0
asenkron,18039.0,3.57,3.09,50.0,1.09,0
dc,6428.0,1.92,3.27,62.8,1.82,0
asenkron,13078.0,4.04,2.17,54.6,2.88,0
asenkron,2930.0,1.79,3.24,61.9,1.3,0
senkron,701.0,1.87,1.5,71.5,5.26,1
asenkron,9875.0,2.79,2.33,71.0,1.0,0
senkron,5740.0,4.08,2.93,78.1,1.83,1
asenkron,17538.0,3.58,3.67,60.6,0.39,0
asenkron,9715.0,2.22,1.5,71.4,2.29,1
senkron,4195.0,3.6,2.4,57.1,1.42,0
senkron,14685.0,2.56,3.55,58.3,0.26,0
asenkron,18112.0,4.75,3.11,68.2,0.92,0
asenkron,13100.0,3.06,1.61,71.2,1.48,0
asenkron,17495.0,5.34,7.5,62.0,5.12,1
senkron,19629.0,3.73,3.86,72.1,2.93,0
asenkron,17251.0,5.1,4.32,82.5,3.48,1
asenkron,17817.0,6.16,2.71,63.9,1.5,1
senkron,9276.0,3.66,3.94,65.9,0.5,0
senkron,12814.0,3.06,2.0,65.1,3.77,0
asenkron,17938.0,6.17,3.15,72.2,3.63,1
asenkron,13211.0,2.75,2.8,70.5,0.18,0
senkron,3493.0,1.24,3.62,63.1,3.53,0
asenkron,15789.0,2.88,3.15,54.5,3.46,0
senkron,1194.0,3.16,2.73,54.8,3.42,0
asenkron,5201.0,1.89,2.26,59.4,0.69,0
asenkron,17811.0,2.4,2.44,59.5,0.72,0
dc,9884.0,2.51,3.08,70.2,0.45,1
dc,17742.0,2.16,3.03,74.4,1.0,0
asenkron,620.0,1.95,3.78,67.8,1.61,0
asenkron,10560.0,3.45,2.11,51.6,0.44,0
asenkron,15484.0,3.77,3.41,61.3,1.15,0
asenkron,1501.0,2.14,2.45,60.1,2.32,0
dc,11932.0,2.42,2.23,59.7,1.93,0
asenkron,2707.0,2.62,4.04,58.5,3.76,0
asenkron,2169.0,3.16,2.95,74.0,0.27,0
senkron,5315.0,3.69,4.77,51.5,1.8,0
asenkron,15816.0,4.55,4.76,83.4,4.12,1
senkron,19240.0,4.55,2.09,58.5,0.69,0
asenkron,17833.0,3.68,3.41,68.0,2.7,0
senkron,15221.0,2.9,2.35,59.7,1.02,0
asenkron,7016.0,3.37,3.05,59.4,0.37,0
asenkron,17103.0,3.1,2.62,67.6,1.09,0
senkron,9667.0,1.26,3.89,57.9,0.49,0
dc,10510.0,1.45,3.9,64.7,2.07,0
asenkron,13035.0,3.05,5.55,60.4,7.81,1
asenkron,584.0,2.63,4.17,65.4,1.4,0
asenkron,11472.0,2.81,6.66,70.5,1.36,1
dc,5205.0,0.63,2.67,70.9,0.71,0
asenkron,16998.0,4.39,2.37,64.8,0.67,0
senkron,8875.0,3.64,2.63,48.8,2.51,0
senkron,11052.0,2.84,2.89,59.0,0.92,0
asenkron,15868.0,1.68,1.79,58.6,2.03,0
asenkron,1675.0,2.69,3.1,83.0,6.37,0
asenkron,2014.0,3.01,2.39,53.3,0.89,0
asenkron,13628.0,2.38,2.42,59.9,0.45,0
senkron,15322.0,3.39,2.02,65.3,2.06,0
senkron,3691.0,3.99,4.46,62.8,10.37,1
asenkron,13035.0,3.19,1.55,64.0,2.3,0
asenkron,18744.0,3.24,4.73,56.9,0.4,0
asenkron,4128.0,2.5,2.58,56.3,1.51,0
senkron,7717.0,3.41,2.13,53.8,1.0,0
asenkron,12131.0,0.97,2.78,63.9,0.94,0
asenkron,13050.0,1.11,3.8,63.9,0.41,0
senkron,14245.0,4.87,3.98,78.0,1.09,1
dc,19846.0,2.16,3.4,80.2,1.24,0
asenkron,10715.0,2.17,3.7,81.3,2.45,0
asenkron,11391.0,0.72,3.71,78.0,1.65,0
asenkron,8533.0,3.83,3.47,62.4,2.3,1
senkron,16209.0,2.55,4.08,60.7,0.32,0
senkron,368.0,3.24,3.43,62.3,3.29,0
asenkron,13695.0,4.02,3.49,67.3,2.9,1
senkron,16932.0,3.23,4.61,66.6,2.27,0
asenkron,2167.0,2.1,1.71,76.1,2.32,0
asenkron,1440.0,2.53,4.51,60.9,3.96,0
asenkron,17885.0,2.14,3.91,64.7,1.25,0
senkron,16226.0,2.34,1.57,72.9,0.9,0
asenkron,9182.0,2.8,3.37,70.4,6.6,0
asenkron,3261.0,2.76,2.86,59.9,0.81,0
asenkron,16592.0,3.4,2.56,60.5,1.91,0
senkron,9298.0,3.89,1.5,54.6,2.06,0
asenkron,13844.0,4.76,3.37,56.6,0.53,0
dc,2185.0,3.63,3.46,60.1,2.39,0
asenkron,17797.0,3.73,2.8,70.2,2.03,0
asenkron,10958.0,1.96,2.59,66.9,2.11,0
asenkron,14019.0,2.48,2.84,61.1,1.43,0
asenkron,8272.0,3.84,3.09,50.6,0.68,0
senkron,13638.0,3.36,2.69,54.2,2.45,0
senkron,14156.0,2.4,3.13,58.3,4.67,0
senkron,14803.0,4.45,2.59,57.8,0.46,0
dc,5710.0,4.1,2.03,57.7,1.53,0
asenkron,3352.0,3.16,3.89,79.5,1.43,0
asenkron,13861.0,3.99,3.65,44.6,1.35,0
asenkron,2408.0,3.36,1.87,47.4,2.37,0
dc,19431.0,2.98,3.32,84.6,0.17,0
asenkron,6496.0,3.64,3.94,66.6,0.94,0
asenkron,11656.0,3.12,4.27,66.7,0.84,0
asenkron,9019.0,6.38,3.73,57.9,5.51,1
asenkron,8684.0,3.89,2.93,47.6,2.08,0
asenkron,6673.0,1.49,3.46,64.0,2.67,0
senkron,5352.0,2.6,3.02,58.2,0.65,0
asenkron,14759.0,2.66,4.11,60.6,1.8,0
asenkron,10603.0,2.56,2.47,62.9,0.89,0
dc,17418.0,2.31,2.29,67.3,1.39,0
dc,4656.0,2.02,6.16,83.9,6.65,1
asenkron,12429.0,2.35,4.05,81.4,5.47,0
asenkron,3651.0,0.41,4.11,45.4,1.26,0
asenkron,6606.0,3.79,2.68,74.9,1.11,0
asenkron,3731.0,2.2,3.42,61.0,1.42,0
senkron,5443.0,1.63,3.14,56.0,2.45,0
dc,6070.0,2.64,3.2,63.2,2.53,0
asenkron,18256.0,4.14,6.24,86.9,7.14,1
senkron,4520.0,2.04,3.45,66.2,1.56,0
asenkron,1400.0,0.71,1.5,45.3,2.1,1
dc,5881.0,1.69,2.68,90.1,2.42,1
senkron,4070.0,2.06,3.18,65.2,0.94,0
senkron,15513.0,4.41,2.01,60.6,3.14,0
asenkron,19382.0,3.71,3.15,63.9,1.67,0
senkron,19180.0,3.99,3.67,64.2,1.61,1
asenkron,18835.0,5.14,4.04,64.9,4.25,1
asenkron,12339.0,2.23,2.92,64.0,1.29,0
senkron,14770.0,2.4,4.06,78.8,2.8,0
senkron,7205.0,4.08,2.97,59.8,1.92,1
senkron,11920.0,0.32,3.96,69.8,1.69,0
asenkron,9614.0,2.16,2.25,65.0,1.76,0
asenkron,6606.0,2.16,3.38,50.7,3.55,0
asenkron,6946.0,4.95,3.38,84.0,1.2,1
asenkron,1760.0,2.02,3.27,61.8,3.13,0
asenkron,3374.0,0.76,2.27,54.8,0.65,0
asenkron,16343.0,3.85,4.24,69.1,2.73,0
asenkron,5712.0,2.4,2.64,59.4,0.15,0
asenkron,14059.0,3.02,3.23,66.9,2.23,0
asenkron,471.0,2.59,3.09,73.1,3.47,0
asenkron,15656.0,2.52,1.5,72.0,1.5,0
asenkron,3783.0,1.01,3.77,66.2,0.62,0
asenkron,8387.0,1.11,3.16,71.7,2.67,0
asenkron,854.0,3.08,2.34,73.9,0.49,0
senkron,11810.0,1.18,2.64,56.8,1.7,0
asenkron,19197.0,3.36,1.53,69.8,0.94,0
asenkron,6598.0,4.88,2.59,60.7,0.67,0
asenkron,4531.0,0.76,2.96,45.7,3.0,0
senkron,5752.0,3.67,2.84,71.6,0.42,0
asenkron,19061.0,2.51,3.16,53.8,0.89,0
asenkron,17340.0,2.09,3.62,69.9,1.92,1
asenkron,10680.0,2.88,1.7,60.4,3.22,0
asenkron,3741.0,4.57,4.78,74.5,3.61,1
senkron,10024.0,2.39,4.02,52.4,3.59,0
senkron,7452.0,2.04,2.46,60.5,2.11,0
asenkron,10312.0,2.76,5.22,78.9,2.76,1
asenkron,15346.0,2.88,3.07,70.0,1.18,0
asenkron,10287.0,1.21,1.5,57.3,1.96,0
dc,9331.0,2.09,2.58,54.4,0.43,0
dc,17329.0,4.45,3.79,80.9,0.88,1
asenkron,18159.0,2.42,3.69,59.5,2.45,0
asenkron,17693.0,3.93,3.6,68.7,2.02,0
asenkron,19068.0,1.97,3.37,51.7,1.29,0
senkron,15696.0,4.02,2.0,61.9,1.45,0
asenkron,12681.0,1.26,2.25,57.1,2.05,0
asenkron,11006.0,6.47,3.96,70.7,7.01,1
dc,14541.0,3.5,3.28,72.8,2.25,0
asenkron,1230.0,0.92,3.67,55.7,3.09,0
dc,10940.0,2.32,3.4,73.5,1.05,0
asenkron,8556.0,5.67,3.6,63.2,3.68,1
senkron,17641.0,3.52,1.98,49.4,1.08,0
asenkron,19813.0,5.58,2.26,65.4,3.39,1
senkron,16166.0,3.2,2.32,73.0,2.21,0
dc,13908.0,1.64,2.67,67.3,0.74,0
senkron,6747.0,4.28,3.43,65.6,4.93,1
asenkron,19829.0,2.11,2.83,59.0,2.08,0
senkron,12850.0,3.57,2.22,56.9,0.31,0
asenkron,14603.0,2.85,3.25,54.4,2.95,0
asenkron,18383.0,2.9,3.38,65.7,1.68,0
senkron,11807.0,2.04,2.76,75.8,2.62,0
senkron,234.0,2.73,3.05,64.4,0.93,0
dc,3385.0,1.91,3.36,76.2,1.3,0
asenkron,18202.0,2.56,3.02,64.3,0.27,0
asenkron,15138.0,3.66,3.75,74.0,4.67,0
dc,2989.0,0.2,3.35,77.4,1.58,0
asenkron,13289.0,4.29,2.94,60.3,1.04,0
senkron,2046.0,1.2,2.79,71.3,0.67,0
senkron,7664.0,2.66,2.36,62.2,1.6,0
senkron,18684.0,3.94,4.42,75.6,2.0,0
dc,2936.0,1.65,2.64,66.5,1.36,0
asenkron,17047.0,4.67,2.3,68.0,4.78,0
asenkron,18213.0,3.24,1.64,66.3,1.55,0
senkron,11076.0,2.16,2.93,55.9,3.09,0
asenkron,17175.0,3.32,2.62,53.9,2.52,0
asenkron,14937.0,2.56,3.17,63.1,2.14,0
asenkron,1924.0,3.1,3.47,56.3,1.36,1
asenkron,8624.0,3.3,3.36,53.7,1.37,0
asenkron,12762.0,2.53,4.09,57.2,3.54,0
asenkron,1297.0,1.93,3.29,66.7,1.49,0
asenkron,16128.0,4.72,3.55,86.3,3.14,1
senkron,9501.0,0.62,3.94,55.7,1.36,0
senkron,8440.0,1.25,1.5,44.9,0.4,0
asenkron,16536.0,2.89,3.68,71.8,0.19,0
asenkron,18801.0,2.15,3.54,60.1,6.02,0
asenkron,5880.0,1.6,2.31,62.5,0.98,0
dc,6926.0,2.88,2.87,58.5,0.42,0
asenkron,12709.0,3.43,3.1,59.7,1.23,0
dc,10084.0,2.29,2.04,60.8,0.9,0
asenkron,6813.0,4.24,2.07,51.1,3.13,0
asenkron,11234.0,3.58,1.5,48.8,1.98,0
asenkron,6688.0,2.53,2.45,71.9,1.13,0
asenkron,2014.0,2.46,2.69,54.9,1.18,0
dc,17084.0,3.74,2.02,41.0,0.69,0
asenkron,1867.0,1.57,1.5,57.3,2.35,0
asenkron,19513.0,6.09,3.33,61.8,4.37,1
dc,13654.0,2.59,2.81,63.5,1.99,0
asenkron,18860.0,2.69,3.33,61.8,2.65,0
dc,19939.0,2.52,3.2,62.7,1.11,0
asenkron,11858.0,3.04,3.59,64.8,3.3,0
asenkron,351.0,2.42,2.6,52.3,1.99,0
asenkron,19790.0,4.02,2.5,47.3,2.35,0
senkron,12912.0,4.37,3.17,51.3,1.83,0
senkron,13072.0,2.44,2.83,66.9,0.41,0
senkron,4947.0,2.62,2.87,66.5,2.16,0
asenkron,6665.0,3.43,3.03,62.9,0.58,0
asenkron,2206.0,1.89,1.59,69.6,2.58,0
asenkron,350.0,2.94,4.66,47.8,0.86,0
asenkron,9245.0,1.73,3.54,66.3,0.08,0
asenkron,4303.0,2.9,1.76,64.9,0.94,0
senkron,11294.0,2.17,3.16,52.3,1.18,0
asenkron,11626.0,3.84,2.25,63.2,0.95,0
asenkron,9794.0,3.19,2.56,59.1,0.82,0
asenkron,11062.0,3.63,3.12,60.4,4.07,0
asenkron,917.0,2.52,2.77,48.8,0.95,0
asenkron,14798.0,2.67,3.01,65.6,1.41,0
dc,11543.0,4.35,3.55,59.5,1.81,0
asenkron,3014.0,2.48,2.72,62.7,5.81,0
dc,17697.0,2.74,4.29,73.0,2.31,0
dc,2972.0,2.59,2.1,55.6,1.98,0
asenkron,7998.0,4.63,4.14,70.9,2.38,1
dc,8169.0,2.54,2.8,51.4,1.73,0
asenkron,10311.0,2.82,2.7,67.2,1.22,0
asenkron,6548.0,2.41,3.13,74.0,0.52,0
asenkron,5914.0,3.41,3.18,59.2,1.31,0
senkron,16457.0,2.9,2.51,59.7,1.8,0
asenkron,769.0,2.97,4.24,66.1,2.99,0
senkron,10445.0,2.73,2.67,60.2,0.63,0
asenkron,7176.0,2.34,3.39,63.1,0.42,0
asenkron,14548.0,2.03,3.09,57.3,0.59,0
senkron,12348.0,3.16,2.46,60.8,1.56,0
asenkron,4078.0,2.42,1.76,69.2,4.67,0
senkron,18557.0,3.14,3.93,56.8,0.84,0
asenkron,6800.0,1.87,3.38,64.9,0.25,0
senkron,17884.0,3.71,3.95,62.3,1.46,1
senkron,13284.0,2.18,2.16,60.6,1.4,0
asenkron,3246.0,1.32,3.09,59.5,7.66,0
asenkron,16520.0,1.03,3.2,68.0,1.51,0
senkron,7411.0,2.95,1.98,55.1,3.96,0
dc,6991.0,3.51,1.71,66.4,2.11,0
asenkron,15472.0,4.07,2.9,52.3,0.61,0
asenkron,13261.0,4.22,2.18,59.2,3.29,0
senkron,12508.0,2.6,3.7,57.7,2.18,0
dc,5937.0,2.28,3.11,59.6,0.75,0
senkron,10995.0,3.24,7.72,74.8,2.11,1
senkron,8478.0,2.97,3.18,53.9,0.76,0
senkron,17548.0,1.23,3.78,66.9,1.26,0
senkron,1869.0,4.08,3.4,75.0,1.7,1
senkron,3443.0,3.27,2.65,63.9,2.19,0
senkron,19743.0,3.05,3.72,71.5,1.28,0
asenkron,13387.0,4.26,2.93,63.7,3.4,0
senkron,7131.0,1.82,3.53,69.7,1.01,0
asenkron,19766.0,4.35,4.25,53.6,1.9,0
dc,4335.0,2.76,1.98,73.8,1.94,0
asenkron,1222.0,4.72,2.23,58.6,4.22,1
asenkron,10670.0,4.18,3.23,54.1,1.38,0
asenkron,18209.0,3.82,1.66,51.8,0.65,0
senkron,3682.0,3.31,2.83,67.3,1.29,0
senkron,7294.0,2.54,2.91,79.1,1.37,0
asenkron,12923.0,1.95,2.39,56.9,3.41,0
asenkron,14980.0,3.73,1.5,65.5,1.4,0
senkron,11231.0,4.65,5.34,77.6,1.56,1
asenkron,11239.0,2.66,1.5,56.6,2.38,0
senkron,9244.0,3.95,2.24,66.5,4.01,0
asenkron,234.0,1.95,3.29,59.2,1.81,1
dc,5490.0,5.41,5.46,89.9,1.28,1
asenkron,5563.0,5.04,4.96,55.8,1.47,0
senkron,13796.0,2.91,4.06,65.4,1.43,0
dc,3760.0,1.0,3.06,63.8,0.95,0
asenkron,12030.0,1.14,2.34,71.9,1.76,0
asenkron,13049.0,2.71,2.98,69.2,1.5,0
asenkron,3054.0,2.61,3.22,55.0,5.42,0
asenkron,8130.0,4.16,2.7,55.1,2.7,0
asenkron,7651.0,4.81,2.53,67.2,1.84,0
senkron,5957.0,3.61,2.47,54.7,1.37,0
asenkron,7206.0,6.11,4.45,66.6,1.2,1
asenkron,10899.0,2.67,2.49,65.5,4.26,0
senkron,4978.0,3.59,2.78,50.4,0.85,0
dc,4114.0,1.8,3.5,61.1,2.37,0
asenkron,2884.0,3.39,2.95,78.4,0.35,0
asenkron,852.0,2.14,2.07,76.0,0.17,0
asenkron,1477.0,2.38,3.74,57.6,0.87,0
senkron,16358.0,3.13,1.74,64.6,1.59,0
asenkron,1474.0,3.64,2.23,63.9,3.44,0
asenkron,16713.0,2.22,3.35,55.7,0.64,0
senkron,7250.0,2.26,2.74,58.4,3.61,0
asenkron,17153.0,3.39,1.65,63.5,0.86,0
asenkron,5135.0,2.61,2.92,58.3,0.77,0
dc,15919.0,2.97,2.9,77.2,2.03,0
asenkron,11930.0,2.91,2.36,66.7,1.21,0
asenkron,1275.0,2.73,2.88,65.3,2.58,0
senkron,125.0,3.08,3.02,62.2,0.49,0
asenkron,14059.0,2.2,2.65,52.4,0.16,0
senkron,1794.0,0.2,3.86,60.0,0.88,0
asenkron,19164.0,4.18,2.24,56.7,1.38,0
asenkron,4056.0,3.62,4.99,66.8,0.43,1
senkron,7598.0,4.82,6.12,76.0,4.06,1
senkron,12583.0,1.77,2.9,61.8,1.94,0
senkron,3121.0,2.38,3.34,70.2,1.61,0
asenkron,4968.0,2.07,2.64,73.4,4.73,0
dc,2867.0,2.98,2.41,91.8,1.7,0
asenkron,7905.0,3.91,2.31,64.9,2.08,0
asenkron,14221.0,2.41,2.09,69.9,0.1,0
dc,10763.0,3.26,3.44,59.3,3.29,0
asenkron,442.0,1.52,2.53,66.7,1.08,0
senkron,7338.0,0.96,3.64,55.7,1.86,0
senkron,10437.0,1.64,2.77,58.8,1.12,0
asenkron,13909.0,1.89,3.44,61.6,1.25,0
asenkron,19646.0,3.51,2.2,66.6,1.27,1
senkron,4667.0,2.71,4.56,61.6,1.7,0
asenkron,13433.0,4.69,5.6,62.8,4.81,1
senkron,7236.0,1.28,2.96,49.5,0.89,0
dc,4671.0,0.86,3.37,87.0,2.59,0
asenkron,9182.0,1.38,4.12,47.4,0.12,0
asenkron,16805.0,2.84,3.08,73.3,1.39,0
senkron,4557.0,2.11,3.11,69.8,1.01,0
senkron,319.0,3.39,5.01,63.3,7.41,1
asenkron,10482.0,3.34,3.38,78.3,0.28,0
dc,2375.0,6.12,1.5,72.7,3.3,1
asenkron,10890.0,2.96,3.96,68.4,2.72,0
senkron,16848.0,2.69,2.95,52.7,0.85,0
senkron,9773.0,2.25,3.43,66.7,2.34,1
asenkron,5849.0,1.97,4.37,59.5,4.61,1
asenkron,19586.0,2.49,3.0,69.8,0.88,0
asenkron,5701.0,4.55,4.98,61.5,4.11,1
asenkron,14508.0,3.43,3.56,51.7,3.83,0
senkron,8944.0,2.98,5.15,54.8,1.22,0
asenkron,7531.0,2.79,2.68,73.6,0.95,0
asenkron,5935.0,2.23,3.14,67.2,0.83,0
dc,12263.0,3.36,2.76,71.6,0.55,0
senkron,4666.0,2.71,3.6,61.9,2.66,0
asenkron,14107.0,2.73,4.48,54.0,0.41,0
senkron,4132.0,1.78,2.78,59.3,1.01,0
asenkron,10720.0,3.19,1.77,85.2,0.89,0
dc,18262.0,2.92,2.42,70.1,0.61,0
asenkron,16605.0,3.28,4.13,67.0,0.82,0
asenkron,8364.0,2.52,2.94,78.8,2.73,0
asenkron,984.0,3.73,4.89,53.1,0.73,0
dc,15217.0,2.12,2.43,65.8,1.44,0
asenkron,16667.0,2.01,2.01,67.6,2.4,0
asenkron,9645.0,2.75,4.57,61.6,1.28,0
asenkron,19518.0,2.89,2.94,70.8,2.48,0
senkron,737.0,4.13,1.5,55.2,4.78,0
senkron,8393.0,3.4,2.9,48.6,1.7,0
senkron,15296.0,3.83,3.14,57.6,1.23,0
senkron,16742.0,4.14,2.91,76.7,1.3,0
dc,15998.0,2.03,2.38,72.6,1.85,0
asenkron,6531.0,2.39,2.98,56.0,1.27,0
senkron,856.0,2.37,1.5,70.0,1.14,0
asenkron,14792.0,3.3,3.82,64.0,3.05,0
asenkron,5094.0,4.1,3.39,56.7,3.46,0
dc,13285.0,3.46,2.77,69.3,0.21,0
dc,19602.0,1.93,3.44,61.6,2.45,0
asenkron,7767.0,4.72,3.22,64.0,0.47,0
asenkron,3860.0,3.19,2.64,61.1,3.24,0
asenkron,6149.0,3.28,2.58,63.3,6.62,1
dc,19317.0,4.02,3.94,64.8,1.38,0
asenkron,13905.0,3.43,2.38,55.1,0.85,0
asenkron,11406.0,2.43,4.22,74.8,0.66,0
senkron,19148.0,3.24,3.0,61.9,0.3,0
asenkron,3230.0,2.9,2.63,58.9,0.47,0
senkron,7112.0,0.83,1.63,59.4,1.13,0
asenkron,18687.0,3.83,3.25,58.0,1.34,0
dc,8178.0,3.22,3.41,76.6,0.09,0
senkron,11110.0,5.2,2.95,79.5,3.88,1
senkron,18540.0,2.12,3.82,67.1,1.75,0
asenkron,3817.0,2.92,3.7,60.9,0.54,0
dc,7334.0,3.27,2.73,66.0,6.41,0
senkron,11776.0,3.8,3.29,60.8,0.71,0
senkron,13226.0,1.2,2.39,59.5,0.96,0
dc,11168.0,3.08,5.24,60.8,0.76,0
asenkron,2634.0,1.6,3.53,59.2,0.52,0
asenkron,2090.0,2.91,3.3,67.1,1.69,0
asenkron,17598.0,1.67,4.18,68.7,1.78,0
senkron,16350.0,2.43,1.65,46.1,0.81,0
senkron,16783.0,0.69,2.83,53.1,1.79,0
senkron,12859.0,2.1,3.23,56.1,1.38,0
dc,16936.0,4.47,2.7,66.2,3.53,1
senkron,12326.0,2.09,1.93,63.3,3.12,0
senkron,19872.0,2.04,3.15,58.7,0.26,0
asenkron,6756.0,1.85,3.04,61.1,1.17,0
asenkron,5841.0,2.03,2.89,45.9,2.01,0
dc,12247.0,1.97,3.75,79.4,8.63,0
asenkron,19884.0,2.91,2.98,56.7,1.43,0
dc,12033.0,2.6,3.93,57.7,1.17,0
asenkron,7906.0,2.63,3.57,57.5,0.46,0
asenkron,17276.0,4.91,2.98,56.2,1.17,0
asenkron,18507.0,1.71,3.92,62.9,0.7,0
asenkron,12150.0,3.94,2.88,64.7,2.46,0
senkron,8413.0,2.01,1.88,61.9,3.12,1
asenkron,17714.0,1.0,4.4,66.8,1.65,0
asenkron,5157.0,3.89,3.37,68.8,1.72,0
asenkron,17666.0,4.71,2.89,77.1,0.71,0
asenkron,2038.0,3.06,4.05,44.5,0.46,0
asenkron,616.0,1.1,3.68,72.9,1.67,0
senkron,17336.0,2.34,2.47,55.3,0.88,0
senkron,10724.0,3.64,5.7,78.1,2.34,1
asenkron,14773.0,4.12,1.8,62.4,1.27,0
senkron,18896.0,3.18,3.55,48.5,1.5,0
senkron,6682.0,1.79,3.16,70.4,1.69,0
asenkron,16204.0,3.9,2.78,44.7,1.94,0
senkron,18245.0,4.13,1.5,60.0,0.81,0
asenkron,8898.0,4.85,4.99,72.5,2.63,1
senkron,2337.0,2.97,3.42,64.8,3.17,0
asenkron,1660.0,2.53,4.04,50.9,0.47,0
senkron,11200.0,2.4,2.8,67.7,1.43,0
senkron,16164.0,2.22,3.5,55.0,1.19,0
asenkron,7040.0,2.76,3.34,58.0,1.91,0
dc,12906.0,4.4,2.94,74.4,1.44,0
asenkron,14343.0,5.56,2.86,60.4,5.18,0
asenkron,12802.0,4.27,4.59,62.0,2.92,1
asenkron,7245.0,1.78,4.77,66.0,1.22,0
asenkron,19493.0,2.81,4.99,60.6,1.95,0
dc,5905.0,1.87,3.05,71.4,2.03,0
asenkron,11759.0,1.42,2.58,53.4,0.45,0
asenkron,8521.0,3.71,3.03,52.2,0.19,0
asenkron,957.0,2.04,1.63,54.3,1.51,0
asenkron,2605.0,0.89,3.4,63.6,0.35,0
senkron,8998.0,2.47,2.76,60.7,0.41,0
senkron,6263.0,3.56,2.98,53.4,1.22,0
asenkron,10977.0,3.15,2.0,59.1,1.23,0
asenkron,188.0,2.04,2.65,68.8,1.02,0
asenkron,2478.0,2.29,3.39,56.5,1.0,0
senkron,17583.0,6.07,2.82,73.9,5.69,1
asenkron,12372.0,4.21,2.97,52.5,1.78,0
dc,18596.0,3.71,3.17,62.0,1.02,0
asenkron,6532.0,3.1,2.68,65.1,3.13,0
asenkron,9330.0,3.12,3.73,64.5,0.71,0
asenkron,9532.0,1.9,2.26,60.6,1.81,0
senkron,19704.0,3.67,3.32,79.9,2.08,0
senkron,19103.0,3.0,2.79,60.1,1.99,0
asenkron,8941.0,4.8,3.54,77.7,4.22,1
asenkron,17156.0,2.53,3.07,47.5,1.38,0
asenkron,13215.0,3.01,3.2,63.4,1.72,0
asenkron,9245.0,2.6,1.5,50.3,2.2,0
asenkron,7709.0,0.84,2.64,69.2,2.92,0
asenkron,16448.0,2.65,2.14,56.3,2.44,0
dc,12137.0,2.96,2.41,47.0,0.76,0
asenkron,423.0,1.56,3.17,62.9,1.21,0
asenkron,3798.0,0.42,2.91,57.1,1.77,0
asenkron,9609.0,2.58,1.86,71.3,1.29,0
dc,6083.0,3.28,3.7,67.9,3.6,0
dc,1135.0,2.29,3.49,68.3,1.62,0
senkron,10725.0,3.61,2.29,59.1,3.19,0
asenkron,15785.0,1.72,3.52,60.2,4.77,0
asenkron,14519.0,3.23,2.99,53.3,1.1,0
senkron,17215.0,3.06,4.51,54.7,0.94,0
asenkron,8112.0,0.2,4.81,54.4,0.94,0
senkron,15036.0,3.03,3.08,53.8,2.33,0
asenkron,9365.0,3.56,2.9,69.1,1.79,0
asenkron,2898.0,1.98,2.21,61.9,3.76,0
senkron,3791.0,1.88,5.83,50.8,1.72,0
senkron,19694.0,1.82,2.56,69.0,1.7,0
dc,8603.0,3.56,2.8,59.3,2.23,0
asenkron,4602.0,2.83,3.11,61.2,2.17,0
senkron,1806.0,1.73,3.68,68.9,0.71,0
dc,2593.0,3.06,3.56,69.5,0.62,0
asenkron,10340.0,2.81,4.46,66.1,2.11,0
dc,16692.0,4.55,2.62,67.8,4.48,0
dc,5919.0,4.11,2.44,53.5,2.53,0
asenkron,13349.0,3.38,3.25,64.6,3.56,0
asenkron,17696.0,2.41,4.03,57.6,1.49,0
asenkron,10890.0,2.54,2.39,76.3,3.48,1
senkron,8643.0,2.45,1.91,52.9,2.1,0
asenkron,12745.0,2.95,3.48,62.5,2.39,0
senkron,2940.0,1.65,3.33,69.3,4.86,1
asenkron,15698.0,2.92,3.0,61.3,3.41,0
asenkron,12610.0,2.9,2.94,55.6,3.94,0
dc,11019.0,2.17,3.62,64.1,0.79,0
senkron,8073.0,2.33,3.07,42.7,1.7,0
asenkron,1615.0,1.99,1.69,59.6,1.26,0
asenkron,14148.0,5.6,4.24,75.6,2.13,1
senkron,16053.0,1.06,2.63,70.7,5.48,0
asenkron,10935.0,2.58,2.09,60.1,1.87,0
asenkron,5775.0,2.54,3.78,53.0,1.35,0
asenkron,15320.0,2.88,3.17,72.0,1.43,0
dc,8685.0,4.68,3.03,65.5,3.3,1
asenkron,13277.0,3.19,2.28,64.7,4.36,0
asenkron,10118.0,2.64,2.86,56.4,1.58,0
asenkron,4217.0,2.16,3.59,52.9,1.83,0
asenkron,2543.0,2.03,2.1,66.7,0.81,0
asenkron,15602.0,2.83,4.14,58.8,0.2,0
dc,532.0,1.57,2.88,54.8,2.86,0
asenkron,5455.0,1.76,2.59,78.5,2.16,0
dc,19196.0,2.43,3.28,64.0,2.87,0
asenkron,19176.0,2.85,2.84,61.4,1.05,0
asenkron,1333.0,2.15,2.54,55.7,0.94,0
senkron,12173.0,3.27,2.52,64.7,0.74,0
dc,19558.0,2.82,4.72,57.1,3.04,0
asenkron,17592.0,2.46,3.4,66.8,0.3,0
dc,9083.0,2.28,3.38,63.0,2.62,0
asenkron,5072.0,3.7,2.79,57.6,0.78,0
dc,2265.0,3.02,2.6,57.2,1.62,0
senkron,5177.0,3.47,2.95,57.4,3.16,0
asenkron,2201.0,2.59,3.41,57.6,2.33,0
asenkron,12153.0,3.43,2.58,64.4,1.69,1
dc,177.0,2.53,2.77,58.7,1.14,0
asenkron,3131.0,2.18,4.01,56.7,0.32,0
asenkron,12073.0,2.06,2.28,62.2,0.24,0
asenkron,10554.0,2.31,3.29,66.8,1.5,0
asenkron,9552.0,1.57,1.53,69.4,1.24,0
asenkron,16233.0,2.77,2.23,55.2,1.4,0
dc,11603.0,2.1,2.83,49.9,1.51,0
asenkron,17976.0,3.88,2.5,63.1,1.49,0
asenkron,14491.0,4.3,3.95,50.3,1.08,0
senkron,17302.0,3.67,3.36,72.6,1.43,0
senkron,2561.0,2.22,2.73,57.7,0.88,0
asenkron,12439.0,3.3,3.84,58.3,2.7,0
asenkron,5318.0,1.2,2.45,75.5,0.93,0
senkron,10799.0,2.82,2.4,50.2,2.25,0
senkron,4512.0,0.79,3.67,72.5,4.1,0
senkron,7594.0,1.33,1.5,58.9,1.71,0
asenkron,10806.0,3.0,3.77,57.8,2.09,0
asenkron,5034.0,3.02,3.21,77.0,0.07,0
asenkron,9019.0,3.66,2.42,60.6,1.47,0
asenkron,8282.0,2.06,2.12,56.3,3.08,0
asenkron,13295.0,3.75,2.91,60.2,2.06,0
senkron,19596.0,2.22,3.03,70.7,1.34,0
asenkron,1759.0,2.02,2.52,68.3,4.25,0
asenkron,17744.0,3.11,3.52,69.6,1.12,0
asenkron,18728.0,3.1,3.21,67.3,1.52,0
asenkron,16490.0,4.28,3.78,64.4,2.45,0
senkron,18306.0,2.65,2.05,49.5,0.67,0
senkron,7304.0,2.49,2.55,51.0,0.97,0
asenkron,16772.0,2.69,2.53,59.8,0.15,0
asenkron,16852.0,3.09,2.52,44.5,2.02,0
asenkron,1945.0,1.6,2.74,77.9,2.88,0
asenkron,7481.0,1.97,2.78,63.3,1.92,0
dc,15313.0,1.43,3.55,56.2,2.05,0
dc,1281.0,3.28,3.96,64.9,2.16,0
asenkron,12837.0,2.74,3.65,67.7,0.42,0
senkron,2406.0,4.08,4.27,51.1,9.23,1
dc,9170.0,2.41,3.37,63.1,0.97,0
senkron,11079.0,4.5,3.4,70.5,0.74,0
asenkron,13482.0,3.08,2.77,71.9,1.0,0
senkron,5430.0,1.7,1.78,67.6,1.43,0
asenkron,19360.0,3.11,3.76,88.5,2.36,0
asenkron,12712.0,3.63,2.8,53.6,1.68,0
asenkron,4410.0,3.1,3.71,65.7,1.08,0
senkron,13423.0,4.34,3.54,84.7,1.32,1
asenkron,18596.0,2.92,2.95,53.4,2.47,0
senkron,4977.0,2.32,3.55,71.0,6.13,1
asenkron,4362.0,3.21,1.62,62.3,1.53,0
dc,6490.0,2.55,2.27,66.7,4.82,0
asenkron,19080.0,2.93,2.41,48.7,2.64,0
asenkron,15593.0,2.92,3.36,67.5,0.51,0
asenkron,17007.0,2.46,4.61,58.8,1.98,0
asenkron,16465.0,4.19,3.01,72.6,2.17,0
dc,14149.0,3.2,2.42,61.2,0.95,0
dc,14829.0,2.36,2.77,59.9,1.61,0
asenkron,5940.0,2.82,3.64,65.3,2.95,0
asenkron,11579.0,6.16,4.73,76.7,4.09,1
dc,12099.0,2.92,2.5,77.2,3.59,0
asenkron,9526.0,3.08,2.89,58.2,1.05,0
asenkron,13488.0,4.0,2.15,64.7,1.32,0
asenkron,13646.0,3.1,4.96,55.1,1.85,0
dc,600.0,2.36,3.44,65.6,0.87,0
dc,10248.0,2.34,2.79,75.5,0.76,0
asenkron,15106.0,3.34,5.48,64.9,4.04,1
asenkron,9075.0,2.17,3.5,67.8,0.23,0
asenkron,6654.0,2.02,1.97,62.3,0.93,0
asenkron,8652.0,5.73,6.79,77.0,1.66,1
asenkron,9425.0,3.19,1.62,54.3,5.32,0
asenkron,17979.0,5.03,3.46,60.3,0.25,0
asenkron,15389.0,2.06,2.88,48.1,0.55,0
asenkron,18833.0,5.32,3.64,65.2,1.98,1
dc,7801.0,2.65,1.8,54.1,0.78,0
senkron,850.0,2.35,3.14,55.8,2.08,0
asenkron,13993.0,3.58,2.52,60.9,3.36,0
asenkron,11305.0,4.88,2.98,56.0,1.05,1
dc,10154.0,4.7,2.72,68.5,1.44,0
senkron,10755.0,5.81,5.64,78.4,0.77,1
asenkron,18374.0,4.19,4.29,61.3,1.6,0
senkron,6868.0,2.43,3.68,55.9,0.9,0
asenkron,2013.0,2.92,2.19,63.3,5.39,0
asenkron,13975.0,5.18,3.0,68.4,1.07,1
dc,1855.0,3.42,1.98,53.1,1.26,0
dc,14128.0,1.75,2.02,81.7,1.09,1
senkron,9477.0,2.71,3.2,64.1,4.07,1
asenkron,14355.0,5.36,6.68,72.5,3.76,1
asenkron,1936.0,1.91,2.89,65.3,1.1,0
asenkron,18014.0,2.73,3.92,61.8,0.75,0
senkron,10668.0,3.8,4.35,56.7,0.86,0
asenkron,8468.0,1.67,3.01,51.3,1.39,0
senkron,556.0,3.35,3.53,77.5,0.17,0
asenkron,1089.0,3.01,3.02,65.4,1.05,0
dc,18912.0,4.32,3.75,76.3,0.67,1
asenkron,19603.0,3.09,2.68,60.9,1.83,0
dc,9738.0,2.3,2.8,61.8,1.54,0
asenkron,9076.0,2.24,1.56,50.1,1.9,0
asenkron,12500.0,3.19,3.71,70.5,1.73,0
asenkron,11842.0,4.04,4.12,64.9,5.89,1
asenkron,10544.0,2.84,2.8,77.3,4.22,0
asenkron,4990.0,3.51,3.74,64.3,1.12,0
asenkron,1233.0,1.86,2.87,67.3,1.05,0
asenkron,15194.0,2.56,2.95,60.2,1.6,0
senkron,12842.0,2.93,4.35,57.1,2.12,1
asenkron,18039.0,3.0,3.63,70.7,1.76,0
asenkron,13844.0,4.07,3.28,60.1,1.51,0
asenkron,501.0,2.61,3.64,68.1,0.62,1
asenkron,14713.0,2.78,3.58,71.9,2.36,0
senkron,7864.0,3.13,2.54,64.7,2.62,0
asenkron,15397.0,5.96,1.5,96.9,4.25,0
senkron,18930.0,4.02,3.72,58.9,0.5,0
senkron,19757.0,5.01,2.88,54.3,2.42,0
senkron,2889.0,3.59,5.03,79.0,1.39,1
senkron,4282.0,0.9,3.21,75.5,0.61,0
asenkron,12734.0,2.52,3.47,72.7,0.61,0
dc,15633.0,2.96,1.5,70.0,3.3,0
asenkron,19843.0,3.15,3.01,58.9,1.22,0
asenkron,9949.0,3.69,1.8,63.3,1.09,0
asenkron,2697.0,3.02,2.56,67.3,5.65,0
asenkron,15605.0,3.14,2.57,69.2,0.89,0
dc,7247.0,3.9,2.95,52.5,0.62,0
asenkron,921.0,1.75,3.14,67.7,3.66,0
senkron,2016.0,2.66,3.19,61.9,2.36,0
asenkron,18032.0,1.68,2.76,54.6,2.28,0
asenkron,10119.0,4.19,2.81,49.4,0.6,0
asenkron,9578.0,1.32,2.3,59.0,2.31,0
asenkron,8991.0,3.47,4.75,69.4,0.47,0
asenkron,13125.0,3.05,4.1,83.6,1.95,0
senkron,4437.0,2.74,3.27,71.8,1.55,0
asenkron,12165.0,4.73,3.94,88.2,3.96,1
senkron,9769.0,2.57,2.58,56.2,1.85,1
asenkron,8444.0,5.04,4.25,60.0,4.31,0
asenkron,7152.0,2.74,1.84,68.6,1.32,0
senkron,10160.0,2.4,2.59,63.3,2.24,0
dc,11872.0,4.95,3.97,60.0,2.32,0
dc,16127.0,3.79,3.06,79.3,3.18,0
senkron,620.0,1.46,4.11,66.3,2.91,0
dc,8965.0,3.22,2.58,74.9,1.7,0
asenkron,8665.0,2.76,3.59,55.6,1.7,0
dc,1220.0,3.24,2.68,67.2,0.36,0
asenkron,19831.0,6.05,3.7,67.7,2.36,1
senkron,14388.0,2.95,2.84,68.6,2.92,0
senkron,7992.0,2.76,2.03,51.4,0.36,0
asenkron,11672.0,2.22,4.64,62.8,1.38,0
senkron,11828.0,4.42,2.29,68.5,0.34,1
asenkron,6996.0,3.07,4.59,57.8,1.54,0
dc,5697.0,2.91,2.99,53.9,0.67,0
asenkron,13073.0,3.13,2.23,57.9,0.24,1
asenkron,14386.0,3.19,3.06,59.4,1.67,0
dc,9547.0,2.45,1.55,66.8,0.54,0
senkron,13939.0,3.84,3.08,60.7,1.0,0
asenkron,16758.0,3.13,3.4,60.6,0.74,0
senkron,12261.0,1.91,1.5,68.5,3.15,0
asenkron,7058.0,2.7,3.45,48.6,3.52,0
asenkron,17348.0,3.39,2.94,54.4,1.07,0
asenkron,16014.0,3.83,2.65,71.9,2.76,0
dc,5805.0,2.16,4.68,78.5,1.96,0
senkron,520.0,1.38,2.46,47.9,2.2,0
asenkron,948.0,3.02,2.9,70.3,4.22,0
senkron,8285.0,3.16,2.3,66.4,0.88,0
senkron,4441.0,3.5,1.5,61.1,1.1,0
asenkron,16031.0,3.61,3.39,49.5,1.57,0
asenkron,1617.0,2.98,3.0,51.6,2.91,0
senkron,11700.0,2.41,2.46,67.5,1.05,0
asenkron,10249.0,3.04,3.61,69.5,2.14,0
asenkron,13319.0,2.59,3.33,52.3,1.57,0
asenkron,16878.0,3.72,1.91,58.7,0.17,0
asenkron,10384.0,2.35,4.18,75.5,0.31,0
senkron,16212.0,2.93,4.01,68.7,0.49,0
asenkron,13909.0,3.94,5.29,85.7,1.15,1
asenkron,14880.0,2.48,2.96,69.5,0.43,0
dc,6235.0,5.31,5.83,63.0,3.69,1
asenkron,17272.0,5.55,2.86,59.2,1.4,0
dc,318.0,1.89,3.64,66.6,0.27,0
asenkron,18803.0,2.48,4.33,54.6,3.26,0
senkron,15955.0,3.11,4.36,44.2,6.43,0
asenkron,7540.0,4.23,4.43,76.6,3.76,1
senkron,13285.0,1.71,6.1,75.2,4.04,1
senkron,4351.0,3.44,1.86,61.5,0.77,0
asenkron,1500.0,1.96,2.14,85.3,2.53,0
asenkron,7936.0,2.36,3.48,55.1,1.57,0
asenkron,2388.0,3.55,3.36,58.2,2.14,0
asenkron,6326.0,3.3,4.67,69.3,5.65,1
senkron,18538.0,3.9,2.89,71.9,0.82,0
asenkron,19993.0,4.18,2.94,80.0,1.81,0
dc,17965.0,2.42,3.77,63.5,2.35,0
senkron,10045.0,3.5,2.79,73.3,1.05,0
asenkron,18830.0,3.89,4.12,56.5,2.01,0
asenkron,8528.0,3.12,3.07,66.7,0.77,0
dc,15090.0,3.53,2.47,59.2,1.54,0
asenkron,16868.0,2.32,2.06,68.9,0.1,0
senkron,16689.0,2.35,2.22,73.8,1.98,0
asenkron,15276.0,2.62,3.99,47.4,0.79,0
dc,8539.0,2.24,2.81,77.7,2.87,1
dc,16123.0,2.37,4.25,75.6,1.3,0
senkron,5225.0,4.63,3.01,67.3,0.53,0
asenkron,6237.0,3.12,4.81,51.2,1.32,0
asenkron,16329.0,3.57,2.95,44.8,3.04,0
senkron,17560.0,4.92,5.09,68.8,3.01,0
asenkron,16163.0,3.51,1.5,64.3,2.23,0
dc,19042.0,3.84,4.09,75.8,5.13,1
senkron,13839.0,5.66,4.16,61.9,1.92,1
asenkron,18139.0,1.57,2.63,57.0,0.85,0
senkron,10110.0,3.96,3.02,48.5,4.35,0
dc,9078.0,3.24,4.56,56.2,2.93,0
asenkron,16452.0,2.63,3.02,61.7,1.04,0
senkron,12040.0,5.31,2.18,82.9,4.72,1
senkron,13281.0,2.57,3.64,53.7,1.12,0
asenkron,10389.0,1.88,3.31,54.5,4.15,0
dc,4748.0,2.56,2.75,68.2,2.49,0
asenkron,7220.0,1.9,4.33,65.0,1.6,0
asenkron,3488.0,1.1,3.6,64.2,1.38,0
senkron,9942.0,1.69,3.57,64.0,0.26,0
asenkron,2643.0,1.21,4.18,50.9,2.2,0
asenkron,10589.0,3.11,2.93,60.8,3.4,0
senkron,1717.0,3.59,3.29,64.3,6.46,1
asenkron,2445.0,2.11,3.03,58.5,1.63,0
asenkron,8898.0,1.89,2.79,67.9,1.18,0
dc,774.0,2.14,2.75,65.2,0.11,0
senkron,3264.0,3.68,4.81,70.1,0.62,0
asenkron,12914.0,2.49,4.28,81.9,0.39,0
asenkron,11107.0,2.35,4.0,54.2,5.02,0
asenkron,1435.0,1.78,3.25,53.9,0.43,0
asenkron,13629.0,2.47,1.94,62.9,1.49,0
senkron,6476.0,1.49,2.4,67.1,2.51,0
dc,2624.0,4.55,2.61,65.1,2.9,0
senkron,15052.0,3.67,3.56,57.0,0.85,0
senkron,17694.0,3.23,2.5,66.2,0.61,0
asenkron,13118.0,2.74,2.09,74.1,1.62,0
senkron,1005.0,2.09,3.2,63.0,1.87,0
asenkron,9300.0,1.65,2.11,62.7,0.48,0
asenkron,8451.0,4.64,3.43,57.3,1.99,1
asenkron,9956.0,1.44,2.89,72.3,1.31,0
asenkron,9621.0,4.36,3.01,58.2,1.09,1
asenkron,9102.0,2.36,3.39,62.3,1.16,0
asenkron,19084.0,3.58,2.5,72.3,0.89,0
asenkron,16129.0,2.27,2.22,67.0,2.49,0
senkron,3003.0,2.32,2.33,56.3,1.38,0
asenkron,129.0,3.11,2.26,56.4,0.84,0
dc,10498.0,1.69,3.79,68.5,2.09,0
senkron,11185.0,1.6,3.35,65.2,2.5,0
asenkron,19648.0,2.89,3.32,54.2,1.3,0
asenkron,6255.0,2.41,3.02,74.0,2.33,0
asenkron,13850.0,2.15,1.95,74.5,0.68,0
asenkron,19067.0,2.46,2.13,63.3,0.29,0
asenkron,11689.0,1.28,2.59,70.1,1.03,0
asenkron,18651.0,3.23,3.36,57.9,0.33,0
asenkron,15790.0,2.52,2.55,62.8,0.83,0
asenkron,17511.0,5.71,7.14,50.5,4.61,1
asenkron,18231.0,3.73,2.97,59.0,0.96,0
asenkron,16294.0,3.08,2.88,61.9,2.71,0
asenkron,7374.0,2.52,2.63,69.7,0.66,0
asenkron,8095.0,3.03,3.06,61.8,0.98,0
senkron,9412.0,4.21,2.73,61.8,1.22,0
senkron,15552.0,4.23,2.03,74.4,0.82,0
asenkron,18059.0,1.78,4.12,68.5,1.05,0
asenkron,13014.0,2.54,3.31,46.1,1.76,0
dc,4096.0,3.29,3.2,76.8,1.15,0
asenkron,11745.0,2.14,4.06,48.5,0.59,0
asenkron,15076.0,5.03,2.66,47.6,4.9,0
dc,17593.0,1.28,4.17,57.3,0.41,0
asenkron,2727.0,3.31,4.65,58.7,0.63,0
asenkron,16078.0,3.11,3.84,80.2,4.83,1
asenkron,11946.0,2.05,2.82,58.2,3.71,0
senkron,18889.0,2.5,2.01,49.4,1.97,0
senkron,10364.0,2.25,3.61,56.8,0.95,0
asenkron,5447.0,2.54,2.13,55.9,3.19,1
senkron,4189.0,2.82,3.64,59.6,0.53,0
senkron,15015.0,3.59,2.27,64.6,0.44,0
senkron,14557.0,2.78,2.83,48.0,4.22,0
senkron,11544.0,4.26,3.23,46.9,4.03,0
asenkron,5546.0,4.03,2.98,52.5,1.63,0
asenkron,11421.0,3.37,2.36,72.6,0.15,0
senkron,1189.0,1.89,2.37,46.4,0.92,0
asenkron,11825.0,3.8,4.19,78.3,0.65,0
asenkron,5681.0,1.79,3.28,68.8,0.23,0
senkron,8532.0,3.29,2.74,58.0,3.22,0
senkron,4075.0,1.93,3.39,57.8,1.64,0
senkron,11998.0,3.12,1.56,69.0,0.39,0
asenkron,2771.0,2.78,2.15,66.2,0.89,0
asenkron,7807.0,1.74,2.31,54.8,1.41,0
asenkron,7155.0,0.89,4.28,58.8,0.48,0
senkron,5186.0,3.21,3.82,82.6,1.37,0
asenkron,13153.0,2.73,2.07,50.6,1.46,0
asenkron,1658.0,2.44,2.78,70.6,3.27,0
senkron,10767.0,2.09,2.16,61.3,1.8,0
senkron,19745.0,3.13,3.68,66.4,0.75,0
asenkron,2001.0,2.04,1.7,63.0,1.39,0
dc,9192.0,3.14,2.87,80.5,5.77,0
senkron,19441.0,2.12,3.0,55.6,4.19,0
senkron,5579.0,5.54,4.65,62.7,5.14,1
asenkron,424.0,2.52,3.93,48.3,1.97,0
senkron,18125.0,4.87,3.2,62.3,2.07,0
asenkron,1347.0,4.62,5.02,80.0,2.81,1
asenkron,8340.0,1.61,2.03,55.0,0.88,0
asenkron,17677.0,1.57,3.72,68.1,2.13,0
asenkron,9840.0,2.7,3.24,51.8,1.45,0
asenkron,11052.0,2.3,3.12,64.7,5.0,1
dc,15254.0,3.24,3.34,85.2,1.24,0
asenkron,8552.0,1.29,2.82,79.7,1.11,0
senkron,6861.0,2.89,1.5,65.2,2.01,0
asenkron,18445.0,3.67,3.35,56.3,1.75,0
senkron,6670.0,3.9,3.7,59.4,3.3,0
senkron,6733.0,1.81,4.44,68.2,3.39,0
asenkron,6584.0,1.94,3.06,57.1,0.37,0
asenkron,14681.0,2.04,4.21,65.8,2.97,0
senkron,14619.0,1.48,3.57,71.9,1.47,0
asenkron,10440.0,1.82,3.52,66.0,1.68,0
asenkron,17766.0,3.35,3.27,54.3,1.46,0
senkron,5114.0,5.01,4.58,68.3,2.23,1
senkron,6973.0,2.01,2.93,65.5,0.31,0
dc,17650.0,3.2,3.23,50.0,1.15,0
asenkron,1386.0,2.88,3.14,63.1,1.19,0
asenkron,6674.0,0.91,1.92,77.4,0.62,0
senkron,12883.0,3.55,1.59,62.5,0.74,0
asenkron,14831.0,3.46,1.83,55.8,1.7,0
asenkron,845.0,3.9,2.62,65.8,2.2,0
asenkron,10471.0,2.49,4.08,69.2,3.75,0
dc,1707.0,1.22,2.74,70.9,0.46,0
asenkron,11841.0,6.63,6.93,63.9,2.51,1
asenkron,12671.0,2.33,3.87,70.4,1.05,0
asenkron,958.0,2.28,3.0,78.0,2.52,0
asenkron,1039.0,5.53,6.34,76.7,2.74,1
asenkron,13131.0,3.62,2.26,60.3,0.7,1
asenkron,9107.0,4.01,2.93,64.8,2.34,0
senkron,5885.0,1.63,2.92,58.4,2.16,0
asenkron,1361.0,1.69,4.73,66.9,2.36,0
asenkron,14593.0,2.65,4.16,67.9,1.01,0
senkron,5153.0,2.39,3.05,59.7,3.4,0
asenkron,12205.0,2.45,1.5,70.4,5.49,1
asenkron,19258.0,3.22,2.75,50.8,1.21,0
asenkron,7480.0,4.18,3.69,61.1,1.97,0
senkron,7354.0,3.62,2.26,60.1,0.68,0
senkron,10173.0,2.49,2.16,60.6,0.71,0
asenkron,293.0,2.32,3.43,63.1,1.08,1
senkron,11901.0,2.95,3.14,74.6,0.65,0
dc,10201.0,1.54,3.8,67.0,1.2,0
asenkron,8668.0,4.21,3.06,71.0,1.59,1
asenkron,4396.0,1.72,3.88,52.9,0.57,0
senkron,2373.0,2.84,2.18,60.2,1.11,0
asenkron,9100.0,0.99,3.23,73.3,0.97,0
asenkron,4697.0,3.05,2.52,54.6,3.15,0
