gun,saat,isinim_Wm2,sicaklik_C,ruzgar_ms,bulutluluk,guc_kW
1,0,0.0,18.0,2.4,0.22,0.0
1,1,10.2,5.9,6.3,0.15,0.0
1,2,2.4,6.2,1.8,0.06,0.21
1,3,12.2,7.0,6.3,0.11,0.131
1,4,0.0,17.0,0.9,0.22,0.151
1,5,17.8,10.6,3.3,0.18,0.539
1,6,18.4,11.3,2.0,0.09,0.073
1,7,234.9,16.2,1.7,0.04,2.152
1,8,412.1,17.1,0.6,0.18,3.669
1,9,603.2,21.4,6.4,0.14,4.967
1,10,737.9,23.0,4.2,0.14,6.05
1,11,834.6,22.8,1.4,0.14,7.131
1,12,805.3,29.2,4.2,0.19,6.506
1,13,770.4,29.3,1.6,0.19,6.359
1,14,669.7,29.6,3.0,0.24,5.769
1,15,579.7,29.5,4.2,0.24,4.77
1,16,372.7,32.4,5.6,0.27,3.411
1,17,189.1,28.5,2.1,0.23,1.819
1,18,0.0,19.5,5.8,0.14,0.0
1,19,3.3,25.8,1.8,0.16,0.115
1,20,18.4,21.2,1.8,0.21,0.323
1,21,0.0,19.1,2.2,0.14,0.0
1,22,3.3,15.7,2.8,0.21,0.182
1,23,3.9,16.0,6.1,0.26,0.166
2,0,7.7,7.2,5.4,0.44,0.0
2,1,2.8,6.7,3.3,0.36,0.076
2,2,16.4,5.5,3.0,0.6,0.057
2,3,10.9,9.6,1.6,0.5,0.224
2,4,0.0,21.0,3.0,0.56,0.0
2,5,37.0,9.5,1.7,0.4,0.497
2,6,0.0,17.7,1.5,0.64,0.0
2,7,123.2,18.1,3.3,0.56,0.958
2,8,315.8,17.7,1.4,0.49,3.093
2,9,436.2,22.4,3.0,0.47,3.743
2,10,504.0,22.1,4.1,0.51,4.517
2,11,584.7,24.8,3.8,0.49,4.929
2,12,618.8,28.1,7.6,0.48,5.056
2,13,627.8,29.8,3.8,0.41,5.011
2,14,441.4,27.8,2.2,0.6,3.946
2,15,405.1,28.7,0.2,0.5,3.476
2,16,281.5,30.8,1.7,0.51,2.438
2,17,140.4,31.0,5.7,0.51,0.97
2,18,17.7,28.5,6.7,0.31,0.185
2,19,4.7,26.3,2.4,0.54,0.0
2,20,8.6,24.2,1.3,0.48,0.137
2,21,0.0,16.5,0.8,0.48,0.0
2,22,16.2,18.9,0.2,0.51,0.106
2,23,0.0,19.7,4.1,0.42,0.008
3,0,7.6,7.8,0.5,0.48,0.008
3,1,10.9,4.9,6.6,0.36,0.289
3,2,0.0,17.2,1.9,0.34,0.0
3,3,0.0,20.3,0.7,0.35,0.0
3,4,8.2,7.2,9.3,0.43,0.274
3,5,0.0,17.0,6.6,0.47,0.118
3,6,0.0,21.0,4.4,0.37,0.027
3,7,191.8,14.6,1.0,0.29,1.793
3,8,280.6,17.5,3.5,0.5,2.651
3,9,504.1,22.3,3.5,0.33,4.349
3,10,538.7,25.0,3.0,0.51,4.372
3,11,629.1,25.9,3.2,0.41,5.439
3,12,708.4,25.9,2.5,0.36,5.816
3,13,652.1,28.7,3.2,0.36,5.068
3,14,545.7,30.6,4.8,0.45,4.385
3,15,423.3,29.2,2.0,0.49,3.455
3,16,330.8,28.9,3.7,0.4,2.819
3,17,167.1,31.3,0.3,0.49,1.663
3,18,32.5,28.8,1.1,0.58,0.256
3,19,0.0,19.8,2.1,0.4,0.0
3,20,19.9,25.2,1.1,0.32,0.0
3,21,5.6,19.8,0.4,0.33,0.22
3,22,11.3,19.4,1.5,0.3,0.111
3,23,0.0,20.4,2.7,0.36,0.0
4,0,0.0,20.0,1.3,0.24,0.106
4,1,0.0,17.2,5.6,0.2,0.238
4,2,0.0,16.6,1.2,0.34,0.0
4,3,0.1,6.9,2.8,0.09,0.0
4,4,0.0,19.8,0.9,0.2,0.152
4,5,0.3,11.2,4.4,0.46,0.343
4,6,2.9,14.1,8.2,0.39,0.0
4,7,210.0,14.4,2.2,0.34,2.151
4,8,380.5,20.2,2.4,0.34,3.265
4,9,456.1,20.5,5.3,0.44,3.67
4,10,602.6,25.8,0.8,0.34,5.133
4,11,714.9,26.4,6.6,0.31,5.694
4,12,817.4,23.8,2.9,0.2,6.573
4,13,711.1,29.4,3.2,0.3,6.097
4,14,660.1,29.3,0.6,0.24,5.23
4,15,521.5,29.7,3.5,0.25,4.52
4,16,387.5,30.4,1.3,0.24,3.076
4,17,220.0,31.4,3.0,0.3,1.839
4,18,0.0,20.2,0.8,0.28,0.065
4,19,6.1,28.5,5.3,0.37,0.0
4,20,5.8,24.1,2.9,0.2,0.0
4,21,7.6,18.8,1.2,0.29,0.348
4,22,11.9,18.1,2.0,0.45,0.0
4,23,0.0,17.6,1.6,0.31,0.0
5,0,0.0,18.2,4.9,0.33,0.003
5,1,6.0,11.2,4.8,0.32,0.0
5,2,0.0,20.4,6.1,0.33,0.31
5,3,18.6,7.0,1.6,0.29,0.0
5,4,0.0,21.0,2.2,0.12,0.211
5,5,14.2,11.3,3.8,0.21,0.268
5,6,26.9,12.0,1.8,0.2,0.252
5,7,223.0,18.3,1.3,0.11,2.198
5,8,407.4,18.5,1.9,0.19,3.368
5,9,602.6,22.1,0.6,0.13,5.106
5,10,775.4,27.9,0.9,0.1,6.393
5,11,716.5,25.2,4.1,0.25,6.016
5,12,767.6,30.2,2.3,0.23,6.015
5,13,793.7,29.6,1.4,0.17,6.384
5,14,741.7,29.3,4.6,0.15,6.14
5,15,587.4,30.9,1.2,0.19,4.61
5,16,392.8,31.2,3.1,0.2,3.302
5,17,234.3,30.3,5.6,0.2,1.852
5,18,2.3,26.3,3.6,0.23,0.0
5,19,0.0,20.5,1.7,0.19,0.0
5,20,8.6,23.2,0.9,0.26,0.119
5,21,20.2,22.4,1.8,0.27,0.1
5,22,0.0,19.5,1.1,0.26,0.0
5,23,0.0,18.4,7.5,0.18,0.076
6,0,0.0,20.4,2.8,0.17,0.0
6,1,2.1,6.5,4.5,0.26,0.0
6,2,14.8,6.4,0.2,0.2,0.0
6,3,0.0,17.4,1.9,0.22,0.0
6,4,4.6,7.4,6.7,0.02,0.262
6,5,0.0,18.5,1.0,0.0,0.0
6,6,1.8,11.0,2.2,0.25,0.0
6,7,181.1,16.3,2.0,0.25,1.758
6,8,350.5,18.7,3.1,0.33,3.052
6,9,509.4,24.7,1.8,0.28,4.312
6,10,661.7,23.0,2.7,0.24,5.585
6,11,741.8,28.7,6.0,0.22,6.288
6,12,845.4,29.5,3.9,0.11,6.92
6,13,736.4,30.8,1.7,0.29,5.678
6,14,734.9,30.3,4.2,0.17,6.113
6,15,548.4,30.3,2.1,0.26,4.757
6,16,386.1,30.7,0.2,0.24,3.077
6,17,224.0,30.3,6.0,0.24,1.881
6,18,0.0,20.4,5.9,0.29,0.036
6,19,7.2,26.2,0.8,0.18,0.241
6,20,17.9,27.1,2.9,0.19,0.0
6,21,4.2,24.7,7.1,0.15,0.279
6,22,23.1,15.8,0.4,0.19,0.395
6,23,0.0,19.7,3.6,0.35,0.048
7,0,0.0,19.7,2.1,0.07,0.286
7,1,2.9,6.4,0.4,0.2,0.0
7,2,0.0,15.8,4.3,0.17,0.299
7,3,0.0,17.2,3.5,0.16,0.013
7,4,12.6,10.2,2.8,0.16,0.318
7,5,0.0,20.9,4.4,0.02,0.0
7,6,17.9,15.3,0.8,0.13,0.374
7,7,209.0,17.9,2.3,0.23,1.954
7,8,477.9,19.5,4.0,0.04,3.997
7,9,635.6,24.0,1.9,0.1,5.288
7,10,804.9,25.8,4.7,0.05,6.925
7,11,858.3,29.0,3.2,0.13,6.739
7,12,939.9,29.0,0.7,0.01,7.37
7,13,759.4,29.7,0.5,0.23,6.211
7,14,797.4,29.2,3.3,0.07,6.644
7,15,662.9,34.2,11.4,0.0,5.482
7,16,406.3,30.7,6.6,0.24,3.525
7,17,224.5,29.1,3.1,0.18,1.984
7,18,0.0,16.6,2.9,0.14,0.128
7,19,0.0,20.7,3.1,0.14,0.0
7,20,0.0,17.8,2.9,0.07,0.0
7,21,29.2,22.6,6.3,0.08,0.131
7,22,0.0,20.3,4.6,0.16,0.209
7,23,0.0,22.0,3.6,0.17,0.0
8,0,14.0,7.4,1.4,0.17,0.0
8,1,8.1,5.2,0.1,0.11,0.231
8,2,4.1,9.8,1.7,0.06,0.0
8,3,2.2,9.7,1.5,0.08,0.0
8,4,0.0,19.2,2.3,0.19,0.0
8,5,0.0,20.1,4.5,0.21,0.204
8,6,0.0,23.0,0.2,0.07,0.214
8,7,244.8,17.6,3.1,0.06,2.569
8,8,421.8,19.2,1.6,0.2,3.255
8,9,612.1,22.7,2.2,0.16,4.97
8,10,728.4,26.2,0.4,0.15,6.028
8,11,884.6,28.2,2.2,0.0,6.748
8,12,910.3,30.0,11.3,0.07,7.512
8,13,877.5,31.5,1.5,0.06,6.635
8,14,712.8,30.1,1.9,0.11,5.905
8,15,693.3,33.1,2.6,0.0,5.47
8,16,408.1,33.4,2.5,0.2,3.203
8,17,223.4,32.0,6.1,0.12,1.889
8,18,3.7,29.4,4.5,0.13,0.357
8,19,2.6,27.5,2.8,0.0,0.15
8,20,4.4,25.6,1.3,0.1,0.353
8,21,2.6,22.9,1.8,0.2,0.0
8,22,1.2,17.7,1.0,0.0,0.001
8,23,9.5,17.3,6.7,0.12,0.209
9,0,6.1,10.6,4.0,0.25,0.235
9,1,37.2,8.0,1.1,0.14,0.367
9,2,3.1,8.0,5.3,0.26,0.062
9,3,0.0,21.4,6.5,0.17,0.0
9,4,0.0,20.6,2.6,0.29,0.0
9,5,6.8,11.9,4.5,0.24,0.0
9,6,2.9,15.5,1.8,0.21,0.181
9,7,185.3,20.4,2.7,0.35,1.735
9,8,380.2,23.2,3.3,0.26,3.321
9,9,519.6,23.4,2.2,0.3,4.511
9,10,774.1,25.4,1.8,0.1,6.433
9,11,841.3,29.8,1.8,0.14,6.607
9,12,770.3,30.6,4.1,0.26,6.148
9,13,733.7,32.1,0.6,0.27,5.857
9,14,689.4,32.1,7.0,0.19,5.37
9,15,526.2,30.5,3.2,0.26,4.281
9,16,437.8,30.0,0.9,0.11,3.554
9,17,204.3,31.2,3.7,0.21,1.882
9,18,0.0,18.8,1.1,0.1,0.0
9,19,0.0,21.7,5.2,0.22,0.003
9,20,0.0,21.9,0.3,0.16,0.049
9,21,0.0,22.7,0.9,0.14,0.0
9,22,0.0,20.7,1.4,0.2,0.286
9,23,0.0,23.4,6.0,0.34,0.0
10,0,9.6,11.0,5.2,0.12,0.0
10,1,0.0,21.4,2.7,0.16,0.335
10,2,0.0,21.9,2.0,0.29,0.423
10,3,4.7,9.1,1.8,0.17,0.089
10,4,0.0,16.0,2.8,0.35,0.147
10,5,14.4,14.9,5.9,0.22,0.057
10,6,5.3,16.3,6.3,0.21,0.063
10,7,206.5,20.7,2.9,0.23,1.823
10,8,350.0,21.5,3.5,0.34,3.247
10,9,552.6,23.2,11.0,0.26,4.925
10,10,660.3,25.3,1.3,0.25,5.37
10,11,740.3,27.4,1.5,0.22,6.126
10,12,907.1,30.4,0.7,0.08,6.814
10,13,818.7,28.9,2.5,0.13,6.852
10,14,624.1,30.8,5.9,0.32,4.948
10,15,545.1,34.0,1.6,0.27,4.269
10,16,403.1,29.4,3.4,0.24,3.535
10,17,155.2,29.2,3.8,0.26,1.381
10,18,0.0,19.9,7.2,0.16,0.127
10,19,18.5,27.6,2.2,0.23,0.131
10,20,0.0,20.9,0.5,0.13,0.32
10,21,7.1,24.7,7.5,0.24,0.0
10,22,0.0,21.2,1.5,0.15,0.163
10,23,0.0,21.7,1.8,0.19,0.404
11,0,0.0,20.2,1.5,0.1,0.167
11,1,0.0,21.1,4.0,0.04,0.048
11,2,6.1,8.3,1.7,0.12,0.176
11,3,17.6,10.1,3.2,0.1,0.164
11,4,0.0,21.9,2.3,0.09,0.141
11,5,0.0,21.8,2.1,0.17,0.0
11,6,18.0,13.0,1.9,0.0,0.254
11,7,251.4,16.7,2.6,0.0,2.292
11,8,428.9,24.0,0.9,0.12,3.69
11,9,622.0,20.6,2.9,0.14,5.195
11,10,657.3,26.3,5.4,0.23,5.439
11,11,826.2,26.8,0.3,0.13,6.39
11,12,856.8,30.1,2.0,0.13,6.71
11,13,912.8,31.0,0.5,0.0,7.076
11,14,756.6,32.8,1.5,0.13,6.039
11,15,586.0,31.4,2.3,0.12,4.776
11,16,475.6,34.3,7.0,0.0,3.889
11,17,234.0,35.1,3.4,0.0,1.955
11,18,18.0,26.7,3.3,0.06,0.092
11,19,15.7,27.2,1.2,0.09,0.162
11,20,0.0,18.7,2.9,0.0,0.155
11,21,0.0,21.2,1.3,0.07,0.0
11,22,0.0,23.1,2.6,0.08,0.055
11,23,0.0,23.1,6.0,0.05,0.0
12,0,0.0,23.3,5.3,0.31,0.0
12,1,6.4,9.6,0.6,0.33,0.24
12,2,0.0,20.5,2.3,0.21,0.0
12,3,27.2,12.2,3.4,0.33,0.228
12,4,0.9,11.0,3.3,0.27,0.0
12,5,0.0,20.1,1.4,0.22,0.0
12,6,0.0,21.4,4.7,0.31,0.0
12,7,162.1,16.8,6.1,0.41,1.487
12,8,429.1,21.0,0.6,0.18,3.815
12,9,599.4,22.6,5.2,0.16,4.987
12,10,745.6,26.7,2.7,0.16,5.91
12,11,627.4,30.2,1.8,0.45,5.172
12,12,764.6,29.8,2.3,0.27,6.361
12,13,709.4,32.8,3.1,0.29,5.85
12,14,679.0,34.4,2.6,0.23,5.582
12,15,563.5,32.1,1.4,0.22,4.58
12,16,403.7,32.9,7.4,0.13,3.545
12,17,194.4,31.6,2.4,0.31,1.794
12,18,0.0,24.0,4.5,0.31,0.0
12,19,0.0,20.5,4.5,0.13,0.072
12,20,0.0,21.5,1.4,0.21,0.0
12,21,8.6,21.9,3.2,0.23,0.334
12,22,39.5,19.9,4.1,0.29,0.374
12,23,0.0,22.2,0.4,0.31,0.0
13,0,0.0,21.1,4.8,0.42,0.081
13,1,30.7,10.7,0.5,0.44,0.329
13,2,0.0,21.7,5.4,0.42,0.14
13,3,0.0,25.5,1.1,0.44,0.124
13,4,0.0,21.2,3.2,0.24,0.0
13,5,4.6,15.5,1.4,0.29,0.0
13,6,0.0,20.5,2.6,0.43,0.0
13,7,184.5,18.2,0.6,0.36,1.761
13,8,364.3,19.3,0.7,0.34,3.446
13,9,621.3,28.2,1.6,0.18,5.045
13,10,706.9,23.6,4.5,0.19,5.988
13,11,638.4,29.2,3.7,0.39,5.412
13,12,694.1,30.3,2.3,0.36,5.727
13,13,664.3,33.6,3.3,0.31,5.237
13,14,641.8,32.5,3.0,0.3,5.202
13,15,596.2,36.4,1.3,0.2,4.857
13,16,344.7,35.0,2.7,0.36,2.863
13,17,168.4,33.2,2.5,0.42,1.443
13,18,0.0,22.3,1.3,0.47,0.0
13,19,2.1,30.7,0.6,0.34,0.0
13,20,0.0,22.3,4.2,0.32,0.0
13,21,23.3,26.7,1.6,0.25,0.068
13,22,0.0,23.0,4.3,0.43,0.0
13,23,0.0,21.6,3.3,0.47,0.0
14,0,25.1,10.9,1.6,0.08,0.492
14,1,0.5,10.2,2.0,0.15,0.157
14,2,0.0,23.7,1.6,0.14,0.0
14,3,25.1,10.7,2.6,0.08,0.327
14,4,3.0,12.7,1.1,0.0,0.0
14,5,14.4,12.5,0.5,0.1,0.16
14,6,0.0,22.9,0.7,0.18,0.208
14,7,216.9,19.6,3.5,0.01,1.703
14,8,455.6,20.9,0.8,0.06,3.77
14,9,693.7,27.2,4.3,0.0,5.634
14,10,672.7,27.2,0.7,0.23,5.419
14,11,806.6,27.7,4.0,0.17,6.614
14,12,866.2,33.0,11.5,0.13,7.109
14,13,847.6,32.5,0.3,0.11,6.44
14,14,775.6,29.0,1.0,0.08,6.062
14,15,621.6,34.5,7.5,0.12,5.191
14,16,441.3,33.6,0.5,0.1,3.776
14,17,218.0,32.9,1.4,0.11,2.02
14,18,16.4,31.0,1.9,0.13,0.205
14,19,12.6,28.2,6.9,0.14,0.045
14,20,6.2,27.3,5.7,0.25,0.036
14,21,11.4,22.0,2.1,0.01,0.0
14,22,0.0,21.7,5.5,0.15,0.0
14,23,4.6,20.6,0.7,0.08,0.0
15,0,1.2,12.0,1.8,0.42,0.015
15,1,0.0,21.4,1.6,0.33,0.03
15,2,31.8,13.4,1.4,0.56,0.248
15,3,5.9,11.8,3.9,0.44,0.068
15,4,0.0,21.5,5.3,0.46,0.071
15,5,0.0,22.4,1.4,0.55,0.049
15,6,4.6,15.9,0.6,0.43,0.0
15,7,150.8,20.8,5.4,0.52,1.353
15,8,269.9,20.7,1.1,0.51,2.458
15,9,374.4,23.8,3.3,0.58,3.339
15,10,462.2,25.6,2.9,0.6,4.106
15,11,620.6,28.4,4.4,0.45,5.619
15,12,544.3,31.1,8.6,0.59,4.697
15,13,553.0,35.8,1.2,0.51,4.339
15,14,489.8,34.2,2.4,0.53,4.13
15,15,427.0,35.9,1.9,0.5,3.467
15,16,260.8,33.9,4.7,0.58,2.104
15,17,172.7,34.4,0.6,0.42,1.274
15,18,0.0,20.6,2.8,0.54,0.0
15,19,9.6,27.9,2.4,0.61,0.0
15,20,1.7,30.2,2.7,0.49,0.292
15,21,9.6,25.4,0.4,0.68,0.059
15,22,1.4,19.8,3.0,0.46,0.319
15,23,0.0,23.1,2.2,0.53,0.0
16,0,0.0,22.1,1.4,0.07,0.0
16,1,1.6,10.0,4.9,0.06,0.0
16,2,0.0,23.6,1.7,0.02,0.0
16,3,0.0,20.5,1.9,0.06,0.068
16,4,0.0,24.2,4.6,0.1,0.111
16,5,13.0,15.3,1.7,0.04,0.09
16,6,19.7,16.4,5.6,0.18,0.181
16,7,216.2,17.7,2.6,0.23,1.974
16,8,496.6,25.0,1.5,0.0,4.242
16,9,579.5,24.5,1.8,0.17,4.797
16,10,746.0,25.5,3.4,0.12,6.025
16,11,817.1,29.6,5.5,0.13,6.689
16,12,722.7,32.4,6.5,0.3,5.687
16,13,802.9,34.1,2.8,0.2,6.432
16,14,747.7,36.3,3.1,0.13,5.816
16,15,621.3,35.2,1.8,0.12,4.989
16,16,515.6,34.0,4.6,0.0,4.192
16,17,244.9,36.5,4.7,0.17,2.274
16,18,0.0,25.4,0.5,0.05,0.027
16,19,16.1,28.1,5.2,0.12,0.431
16,20,0.0,23.8,0.7,0.12,0.0
16,21,16.3,24.1,1.8,0.19,0.077
16,22,0.0,24.6,5.1,0.27,0.181
16,23,0.0,20.9,1.3,0.19,0.313
17,0,0.0,23.0,3.6,0.34,0.0
17,1,31.6,13.0,1.3,0.22,0.172
17,2,0.0,23.1,0.9,0.28,0.125
17,3,18.1,13.4,3.6,0.3,0.156
17,4,17.6,12.1,1.9,0.12,0.318
17,5,3.2,13.2,2.2,0.4,0.187
17,6,14.0,15.6,3.4,0.18,0.107
17,7,260.9,20.8,0.7,0.14,2.271
17,8,348.4,21.6,2.2,0.37,3.14
17,9,463.0,27.5,2.2,0.41,4.091
17,10,731.6,27.3,4.6,0.18,6.137
17,11,799.9,32.1,0.9,0.19,6.161
17,12,586.1,32.5,2.7,0.49,4.817
17,13,750.9,31.8,0.5,0.25,6.069
17,14,778.7,34.4,3.3,0.08,6.275
17,15,559.9,35.3,0.6,0.19,4.492
17,16,319.6,35.0,4.7,0.4,2.697
17,17,183.4,33.2,4.6,0.29,1.354
17,18,0.0,24.3,8.8,0.3,0.0
17,19,9.1,31.5,4.5,0.34,0.357
17,20,5.9,29.2,2.6,0.29,0.031
17,21,0.0,21.4,4.7,0.21,0.0
17,22,0.0,19.4,0.9,0.11,0.055
17,23,3.6,20.8,3.2,0.28,0.0
18,0,0.0,21.5,2.9,0.14,0.0
18,1,0.0,22.0,3.3,0.23,0.0
18,2,5.6,10.7,1.6,0.37,0.033
18,3,0.0,23.3,4.2,0.28,0.084
18,4,0.0,20.1,3.3,0.24,0.0
18,5,0.0,22.6,2.3,0.24,0.112
18,6,12.4,19.6,6.2,0.29,0.019
18,7,179.3,17.9,6.2,0.31,1.815
18,8,408.8,22.3,3.8,0.13,3.662
18,9,520.2,27.6,3.5,0.25,4.206
18,10,570.6,29.3,0.6,0.37,4.685
18,11,736.7,31.2,1.5,0.29,5.983
18,12,816.2,32.4,2.2,0.17,6.697
18,13,787.3,31.5,0.4,0.18,6.017
18,14,775.9,34.7,1.3,0.07,5.989
18,15,564.4,33.4,1.3,0.17,4.602
18,16,358.6,34.7,1.0,0.36,2.502
18,17,166.4,32.5,4.0,0.23,1.389
18,18,13.9,30.4,1.3,0.16,0.114
18,19,0.0,22.8,5.3,0.19,0.014
18,20,0.9,29.6,1.3,0.22,0.247
18,21,4.7,24.7,0.7,0.22,0.23
18,22,13.0,23.1,0.8,0.2,0.196
18,23,0.0,23.9,1.9,0.17,0.163
19,0,9.5,12.1,0.4,0.6,0.024
19,1,0.0,21.1,1.6,0.68,0.048
19,2,0.0,22.1,0.4,0.51,0.082
19,3,0.0,23.5,0.9,0.51,0.0
19,4,17.1,13.6,1.3,0.65,0.334
19,5,7.3,18.2,6.5,0.44,0.043
19,6,19.5,18.7,5.5,0.5,0.0
19,7,163.7,19.0,4.1,0.52,1.669
19,8,243.4,24.0,1.9,0.57,2.022
19,9,403.1,27.3,1.4,0.53,3.214
19,10,541.2,29.2,3.0,0.48,4.528
19,11,506.8,31.2,2.7,0.58,4.193
19,12,598.6,30.2,0.4,0.46,5.069
19,13,598.5,33.7,1.2,0.41,4.68
19,14,612.4,35.6,2.3,0.39,5.122
19,15,349.2,34.4,2.0,0.61,3.062
19,16,330.3,34.2,6.7,0.41,2.865
19,17,121.0,34.5,3.7,0.59,1.119
19,18,6.4,31.4,4.5,0.61,0.201
19,19,25.2,29.1,6.7,0.62,0.108
19,20,0.0,22.7,1.4,0.54,0.11
19,21,0.0,22.8,2.9,0.51,0.085
19,22,0.0,24.2,0.8,0.56,0.0
19,23,0.0,22.7,5.4,0.5,0.0
20,0,0.0,21.4,3.9,0.43,0.007
20,1,0.3,11.9,3.4,0.63,0.03
20,2,18.8,10.2,0.7,0.46,0.044
20,3,19.5,13.4,1.7,0.68,0.372
20,4,0.0,22.3,1.9,0.57,0.044
20,5,0.0,24.0,5.3,0.5,0.147
20,6,10.1,18.4,3.8,0.57,0.083
20,7,129.6,20.2,2.9,0.63,1.143
20,8,324.7,21.2,5.0,0.42,3.04
20,9,423.8,25.2,1.7,0.46,3.642
20,10,544.1,30.5,2.8,0.45,4.722
20,11,572.9,30.9,2.6,0.54,4.75
20,12,571.1,34.3,2.1,0.56,4.675
20,13,569.8,34.1,1.4,0.53,4.52
20,14,541.0,34.8,6.3,0.47,4.606
20,15,419.2,33.7,4.1,0.49,3.765
20,16,251.9,35.4,4.8,0.63,2.1
20,17,133.7,32.7,0.6,0.62,1.662
20,18,6.0,31.3,2.9,0.54,0.076
20,19,0.0,24.7,5.2,0.43,0.0
20,20,0.0,21.6,0.9,0.58,0.096
20,21,17.2,29.3,4.8,0.55,0.106
20,22,0.0,23.1,0.6,0.55,0.06
20,23,12.9,19.6,2.5,0.67,0.275
21,0,0.0,25.3,0.9,0.55,0.067
21,1,10.4,9.8,2.8,0.41,0.117
21,2,7.9,11.8,1.0,0.41,0.0
21,3,11.4,12.5,2.1,0.59,0.202
21,4,10.6,15.3,2.0,0.5,0.077
21,5,0.0,25.9,3.2,0.55,0.0
21,6,0.0,23.8,4.7,0.48,0.221
21,7,170.0,18.7,1.0,0.41,1.827
21,8,318.8,21.3,1.5,0.51,2.85
21,9,350.0,25.2,0.5,0.61,3.165
21,10,490.3,29.7,2.7,0.52,4.339
21,11,678.2,31.0,3.7,0.4,5.637
21,12,595.6,33.1,2.3,0.46,4.883
21,13,599.5,33.6,1.7,0.45,4.869
21,14,505.7,37.0,2.4,0.5,4.288
21,15,373.3,33.6,1.4,0.57,2.953
21,16,234.2,37.9,1.0,0.65,1.819
21,17,168.6,35.9,2.0,0.51,1.52
21,18,3.2,33.7,3.9,0.46,0.0
21,19,2.8,30.7,1.1,0.5,0.0
21,20,0.0,22.8,4.4,0.49,0.02
21,21,12.2,26.0,0.8,0.46,0.105
21,22,2.6,22.5,4.7,0.49,0.0
21,23,2.4,20.0,2.1,0.49,0.129
22,0,12.7,10.5,2.1,0.02,0.1
22,1,4.8,12.6,2.1,0.16,0.0
22,2,0.0,23.6,5.7,0.08,0.0
22,3,6.4,13.3,1.2,0.03,0.0
22,4,0.0,22.3,1.4,0.15,0.021
22,5,0.0,21.6,1.2,0.07,0.0
22,6,0.0,22.0,2.2,0.25,0.112
22,7,232.8,21.1,3.0,0.15,2.028
22,8,422.6,21.7,0.7,0.12,3.835
22,9,648.1,27.0,8.0,0.05,5.536
22,10,790.2,27.2,1.4,0.08,6.439
22,11,821.1,30.2,0.5,0.18,6.413
22,12,903.6,33.2,4.6,0.06,7.101
22,13,801.0,32.4,5.3,0.17,6.284
22,14,824.3,32.0,1.2,0.0,6.426
22,15,587.3,37.1,0.2,0.13,4.795
22,16,404.6,34.8,2.1,0.18,3.444
22,17,263.0,33.2,5.4,0.14,2.183
22,18,0.0,25.8,1.1,0.11,0.285
22,19,27.2,34.1,1.8,0.19,0.403
22,20,11.8,28.6,0.9,0.04,0.221
22,21,27.0,26.5,1.4,0.03,0.356
22,22,20.4,27.3,3.1,0.12,0.363
22,23,3.6,19.8,0.8,0.21,0.019
23,0,0.0,25.3,3.1,0.35,0.082
23,1,22.0,13.0,2.7,0.3,0.326
23,2,10.9,11.0,9.0,0.34,0.0
23,3,7.5,11.3,0.1,0.35,0.0
23,4,13.4,13.0,5.3,0.21,0.174
23,5,0.0,23.7,1.5,0.09,0.0
23,6,2.1,18.8,2.6,0.23,0.061
23,7,210.6,24.8,3.6,0.19,1.678
23,8,358.0,22.0,1.3,0.26,3.222
23,9,545.1,26.5,1.4,0.22,4.797
23,10,671.6,27.6,1.6,0.24,5.524
23,11,645.7,32.3,1.9,0.35,5.423
23,12,733.9,33.6,7.9,0.32,5.929
23,13,716.4,32.4,1.7,0.31,5.652
23,14,547.4,34.6,0.7,0.44,4.337
23,15,537.5,35.6,1.7,0.27,4.023
23,16,347.0,36.3,5.1,0.28,2.895
23,17,172.3,35.2,1.5,0.41,1.483
23,18,11.5,34.0,4.1,0.22,0.155
23,19,7.7,31.1,4.1,0.18,0.042
23,20,14.0,29.7,1.5,0.42,0.109
23,21,0.0,23.7,5.3,0.34,0.0
23,22,30.4,25.0,4.8,0.36,0.0
23,23,6.6,21.8,0.6,0.36,0.0
24,0,12.1,10.7,3.7,0.14,0.162
24,1,16.5,11.6,4.5,0.03,0.0
24,2,0.0,22.5,4.7,0.06,0.121
24,3,0.0,23.5,0.4,0.0,0.275
24,4,11.9,15.2,3.9,0.08,0.39
24,5,0.0,23.8,2.7,0.08,0.0
24,6,0.0,23.5,3.0,0.03,0.0
24,7,238.8,20.1,2.7,0.12,2.338
24,8,350.3,25.9,4.8,0.3,2.962
24,9,656.7,26.4,10.4,0.0,5.495
24,10,721.4,27.5,10.9,0.13,6.281
24,11,803.4,30.5,1.5,0.14,6.196
24,12,869.7,34.5,2.4,0.15,6.605
24,13,923.6,37.6,0.7,0.0,7.076
24,14,736.4,37.3,0.1,0.16,5.656
24,15,581.4,35.2,1.6,0.12,4.631
24,16,417.4,36.7,1.0,0.06,3.52
24,17,220.6,32.0,1.5,0.04,2.026
24,18,15.8,34.3,1.6,0.09,0.089
24,19,17.8,30.9,1.4,0.14,0.186
24,20,0.0,24.1,1.8,0.14,0.123
24,21,0.0,21.9,4.2,0.25,0.29
24,22,9.8,24.3,0.6,0.04,0.103
24,23,3.6,19.1,1.1,0.12,0.0
25,0,6.4,9.7,2.8,0.24,0.059
25,1,9.9,14.0,1.0,0.33,0.187
25,2,0.0,22.0,4.7,0.28,0.079
25,3,1.6,14.4,3.7,0.22,0.0
25,4,0.0,23.0,0.4,0.16,0.0
25,5,18.5,16.2,1.5,0.21,0.05
25,6,0.0,23.8,1.4,0.29,0.171
25,7,145.2,22.8,2.7,0.39,1.364
25,8,375.7,24.5,5.3,0.33,3.231
25,9,611.2,25.2,1.2,0.17,5.418
25,10,694.8,28.2,3.4,0.23,5.509
25,11,724.9,33.3,3.0,0.27,5.732
25,12,751.0,35.2,4.2,0.26,6.054
25,13,744.9,33.9,8.1,0.27,6.11
25,14,611.3,36.8,5.7,0.33,4.844
25,15,536.9,35.7,1.4,0.28,4.392
25,16,411.9,37.0,2.9,0.21,3.489
25,17,223.1,33.1,5.5,0.11,2.064
25,18,0.0,25.0,6.7,0.24,0.0
25,19,7.2,30.4,1.9,0.13,0.0
25,20,0.0,21.9,4.2,0.25,0.0
25,21,0.0,24.7,0.9,0.29,0.0
25,22,0.0,24.6,1.5,0.15,0.055
25,23,1.6,18.9,1.3,0.25,0.0
26,0,0.0,20.4,4.0,0.25,0.417
26,1,9.2,11.7,0.4,0.43,0.29
26,2,0.0,24.5,4.8,0.31,0.071
26,3,8.4,12.3,4.9,0.13,0.088
26,4,24.4,14.6,7.9,0.31,0.478
26,5,0.0,23.2,1.4,0.31,0.009
26,6,0.0,23.0,4.7,0.26,0.063
26,7,197.6,21.8,1.1,0.24,1.599
26,8,378.4,25.7,1.6,0.32,3.283
26,9,503.6,27.2,2.7,0.33,4.046
26,10,619.7,28.6,3.3,0.31,5.066
26,11,757.9,30.3,5.3,0.19,6.257
26,12,790.9,33.5,0.3,0.25,6.03
26,13,837.1,31.3,5.2,0.15,6.65
26,14,728.2,35.7,1.0,0.15,5.455
26,15,588.5,35.7,2.9,0.23,4.609
26,16,401.8,35.5,0.4,0.19,3.212
26,17,212.6,34.2,3.0,0.24,1.86
26,18,0.0,23.5,4.9,0.47,0.166
26,19,0.0,21.7,0.8,0.31,0.183
26,20,0.0,24.8,1.2,0.2,0.0
26,21,6.9,26.0,2.3,0.1,0.0
26,22,9.1,23.9,3.1,0.2,0.027
26,23,0.0,23.1,1.3,0.15,0.0
27,0,0.0,21.7,2.3,0.01,0.0
27,1,0.0,24.8,3.2,0.25,0.0
27,2,0.0,23.6,6.3,0.15,0.0
27,3,0.0,23.5,5.9,0.22,0.014
27,4,12.2,15.1,2.3,0.44,0.118
27,5,17.5,19.0,2.2,0.21,0.067
27,6,0.0,23.9,7.4,0.2,0.0
27,7,225.7,22.1,2.6,0.22,2.062
27,8,417.7,26.7,1.5,0.17,3.587
27,9,614.5,26.1,9.2,0.12,5.286
27,10,721.4,30.9,2.7,0.17,5.829
27,11,738.5,31.5,2.5,0.28,5.873
27,12,840.9,34.8,13.4,0.17,6.912
27,13,839.1,34.9,1.5,0.08,6.351
27,14,780.4,37.1,1.1,0.09,6.316
27,15,600.4,34.8,4.9,0.11,4.758
27,16,412.8,34.9,1.2,0.19,3.444
27,17,206.9,33.8,5.5,0.23,2.023
27,18,0.0,23.5,4.7,0.23,0.119
27,19,0.1,33.1,1.6,0.29,0.092
27,20,0.0,24.6,2.1,0.17,0.0
27,21,0.0,24.9,3.2,0.26,0.206
27,22,30.8,23.6,5.2,0.22,0.237
27,23,2.4,21.4,2.5,0.25,0.074
28,0,0.0,24.6,5.9,0.0,0.0
28,1,26.5,12.5,1.4,0.23,0.225
28,2,0.0,23.2,2.1,0.0,0.0
28,3,0.0,23.4,1.0,0.04,0.0
28,4,0.0,22.4,4.5,0.19,0.165
28,5,9.1,17.6,0.2,0.1,0.0
28,6,15.2,20.4,3.2,0.27,0.138
28,7,248.5,24.2,2.3,0.14,2.149
28,8,442.2,19.4,0.8,0.05,3.784
28,9,615.3,27.9,3.4,0.14,5.015
28,10,782.9,30.1,2.2,0.1,6.282
28,11,752.7,35.4,0.3,0.26,5.867
28,12,763.4,32.7,7.2,0.26,5.804
28,13,761.2,33.6,1.3,0.19,5.841
28,14,764.2,36.0,1.8,0.1,5.923
28,15,593.4,33.8,0.9,0.14,4.883
28,16,371.5,33.6,5.6,0.22,3.115
28,17,242.4,35.7,0.6,0.07,2.195
28,18,0.0,21.5,5.4,0.07,0.0
28,19,0.0,22.3,0.9,0.2,0.003
28,20,30.0,31.0,2.0,0.19,0.223
28,21,0.0,24.9,1.0,0.11,0.045
28,22,0.0,22.0,3.5,0.11,0.0
28,23,0.0,26.1,7.8,0.0,0.021
29,0,7.9,12.4,1.5,0.26,0.113
29,1,0.0,23.5,2.6,0.16,0.0
29,2,0.0,24.2,1.9,0.05,0.0
29,3,0.0,23.8,3.5,0.08,0.109
29,4,0.0,25.7,3.2,0.1,0.0
29,5,0.0,24.9,1.8,0.31,0.046
29,6,0.0,22.7,3.9,0.22,0.077
29,7,221.0,20.5,1.8,0.06,1.716
29,8,348.2,25.1,1.7,0.32,2.758
29,9,531.4,25.7,0.7,0.28,4.402
29,10,758.1,27.7,2.5,0.08,6.27
29,11,922.2,27.9,4.0,0.0,7.295
29,12,721.9,34.6,1.3,0.25,5.582
29,13,814.8,34.8,2.3,0.12,6.411
29,14,742.8,35.4,2.8,0.16,5.875
29,15,610.1,34.6,4.3,0.13,4.839
29,16,361.7,34.8,5.2,0.27,3.06
29,17,189.5,34.7,3.0,0.29,1.786
29,18,0.0,22.3,3.1,0.23,0.0
29,19,0.0,24.1,4.1,0.16,0.209
29,20,21.3,31.7,1.6,0.19,0.258
29,21,0.0,23.2,2.1,0.22,0.243
29,22,2.7,24.0,2.1,0.04,0.114
29,23,0.0,26.3,1.8,0.27,0.105
30,0,0.0,24.1,2.1,0.09,0.0
30,1,0.0,26.3,1.4,0.13,0.354
30,2,0.0,25.5,2.8,0.12,0.0
30,3,0.0,25.4,1.7,0.19,0.108
30,4,0.0,23.7,6.6,0.2,0.009
30,5,0.3,15.8,1.8,0.29,0.0
30,6,0.9,20.8,5.7,0.09,0.0
30,7,247.6,21.5,1.2,0.04,2.114
30,8,426.7,23.8,5.6,0.13,3.82
30,9,659.9,23.4,1.3,0.06,5.488
30,10,718.2,29.0,2.0,0.18,5.789
30,11,903.5,35.2,5.2,0.05,6.525
30,12,859.3,34.4,1.4,0.13,6.454
30,13,804.7,37.5,4.0,0.19,6.128
30,14,702.6,36.1,5.9,0.2,5.542
30,15,579.9,33.9,1.7,0.13,4.44
30,16,392.9,36.0,2.7,0.23,3.515
30,17,202.5,37.5,6.2,0.22,1.672
30,18,0.0,24.3,1.0,0.0,0.135
30,19,0.0,23.6,7.2,0.14,0.0
30,20,0.0,23.8,5.0,0.13,0.0
30,21,34.2,25.0,2.5,0.09,0.387
30,22,4.3,23.5,1.9,0.06,0.0
30,23,27.1,21.6,3.7,0.12,0.165
31,0,13.8,13.8,3.5,0.46,0.344
31,1,16.1,13.2,4.7,0.45,0.155
31,2,12.0,10.7,1.2,0.54,0.0
31,3,0.0,21.2,1.7,0.51,0.0
31,4,18.7,14.2,3.6,0.38,0.234
31,5,0.0,22.9,3.5,0.37,0.084
31,6,6.3,20.1,2.1,0.5,0.261
31,7,175.4,19.9,6.1,0.37,1.644
31,8,342.0,25.0,4.4,0.44,3.013
31,9,454.7,26.1,0.6,0.47,3.921
31,10,535.1,31.0,5.2,0.51,4.805
31,11,601.6,31.6,7.8,0.47,5.039
31,12,562.3,30.5,1.2,0.54,4.819
31,13,659.5,31.3,1.0,0.39,5.252
31,14,561.4,36.2,1.2,0.48,4.385
31,15,490.1,34.5,2.2,0.38,3.859
31,16,317.6,37.2,1.6,0.44,2.626
31,17,146.3,34.8,4.3,0.44,1.195
31,18,0.0,26.7,7.3,0.35,0.129
31,19,0.0,24.0,3.0,0.22,0.109
31,20,10.1,28.1,0.8,0.51,0.101
31,21,9.3,23.7,1.5,0.46,0.052
31,22,0.0,24.8,0.9,0.44,0.0
31,23,1.9,21.0,4.0,0.37,0.017
32,0,23.1,11.8,2.3,0.29,0.296
32,1,27.8,16.0,3.6,0.35,0.546
32,2,18.0,13.5,4.6,0.32,0.284
32,3,23.0,11.8,7.4,0.41,0.068
32,4,18.8,15.6,1.6,0.33,0.427
32,5,27.5,14.2,2.3,0.25,0.372
32,6,0.0,23.0,8.9,0.37,0.0
32,7,189.2,22.6,5.7,0.27,1.531
32,8,359.7,22.0,2.9,0.33,3.205
32,9,591.2,26.7,2.4,0.17,4.794
32,10,665.0,29.3,5.6,0.29,5.498
32,11,641.6,31.7,0.9,0.36,4.947
32,12,764.2,31.9,3.0,0.26,6.01
32,13,705.7,32.7,4.9,0.31,5.719
32,14,588.6,35.7,6.3,0.36,4.891
32,15,507.9,36.9,0.8,0.32,4.221
32,16,326.8,34.2,2.8,0.46,2.912
32,17,198.6,36.0,8.5,0.29,1.677
32,18,0.0,25.6,2.2,0.3,0.042
32,19,3.2,32.0,3.8,0.3,0.197
32,20,0.0,25.5,1.5,0.16,0.0
32,21,14.2,28.1,2.1,0.19,0.15
32,22,0.0,25.8,2.9,0.36,0.019
32,23,14.9,21.7,2.9,0.29,0.118
33,0,0.0,24.4,4.2,0.4,0.308
33,1,0.0,24.5,3.0,0.29,0.0
33,2,0.0,25.8,2.4,0.28,0.043
33,3,0.0,23.2,1.0,0.37,0.0
33,4,12.8,16.8,10.1,0.31,0.048
33,5,0.0,22.6,4.5,0.42,0.081
33,6,0.0,26.9,1.9,0.21,0.0
33,7,187.2,22.3,0.7,0.33,1.556
33,8,346.3,28.1,0.5,0.35,2.978
33,9,514.8,27.1,1.2,0.34,4.426
33,10,566.8,30.2,1.6,0.38,4.66
33,11,672.6,29.1,8.5,0.38,5.577
33,12,759.3,33.0,9.7,0.3,5.832
33,13,771.9,35.1,3.9,0.25,5.915
33,14,592.6,36.3,0.1,0.37,4.569
33,15,509.9,37.0,7.9,0.3,3.904
33,16,319.4,35.9,6.1,0.37,2.839
33,17,182.2,34.7,1.1,0.4,1.447
33,18,12.7,34.8,2.0,0.31,0.121
33,19,4.7,29.2,2.1,0.22,0.0
33,20,5.5,28.6,4.5,0.28,0.099
33,21,10.5,27.7,2.9,0.36,0.407
33,22,0.0,23.9,1.4,0.28,0.0
33,23,0.0,25.8,1.9,0.39,0.006
34,0,0.0,23.0,1.7,0.29,0.076
34,1,0.0,23.4,2.8,0.3,0.0
34,2,0.0,24.9,1.2,0.24,0.0
34,3,0.0,26.7,1.9,0.28,0.133
34,4,0.0,22.0,4.3,0.37,0.2
34,5,0.0,21.4,5.2,0.26,0.2
34,6,10.2,17.0,1.9,0.26,0.0
34,7,203.8,19.4,2.0,0.22,2.221
34,8,363.2,24.4,0.8,0.35,3.047
34,9,569.4,28.1,3.8,0.16,4.742
34,10,662.5,29.2,4.1,0.23,5.824
34,11,647.4,31.8,1.3,0.36,5.104
34,12,670.5,34.3,7.1,0.4,5.82
34,13,781.2,35.4,3.5,0.27,6.151
34,14,603.2,36.1,2.3,0.36,4.581
34,15,602.1,36.3,4.2,0.13,5.147
34,16,355.7,37.4,0.4,0.34,2.839
34,17,189.0,33.1,1.6,0.31,1.441
34,18,14.9,32.6,5.1,0.19,0.146
34,19,0.3,31.9,4.0,0.14,0.204
34,20,0.0,28.0,1.6,0.24,0.08
34,21,0.0,22.7,1.2,0.3,0.108
34,22,5.8,25.2,5.0,0.31,0.0
34,23,15.5,20.2,1.9,0.29,0.065
35,0,2.6,12.0,1.3,0.48,0.0
35,1,0.0,22.8,3.9,0.47,0.236
35,2,0.0,26.7,3.6,0.3,0.04
35,3,0.0,24.5,4.0,0.38,0.0
35,4,9.1,13.8,3.2,0.37,0.0
35,5,0.0,25.4,1.5,0.5,0.0
35,6,18.1,17.7,2.4,0.38,0.182
35,7,152.0,21.7,0.9,0.49,1.521
35,8,315.4,21.9,0.8,0.42,2.883
35,9,396.8,26.1,0.8,0.6,3.464
35,10,554.7,29.7,2.4,0.41,4.462
35,11,620.7,31.9,3.3,0.41,5.145
35,12,693.0,32.0,0.7,0.41,5.711
35,13,629.0,33.6,3.2,0.43,4.812
35,14,474.5,33.0,4.2,0.61,4.259
35,15,446.0,32.7,3.0,0.37,3.735
35,16,371.6,35.3,6.4,0.34,2.991
35,17,172.8,36.4,0.2,0.4,1.715
35,18,1.9,34.0,0.4,0.47,0.0
35,19,7.8,32.3,5.7,0.34,0.0
35,20,0.0,23.9,2.7,0.48,0.0
35,21,0.0,23.9,3.8,0.47,0.051
35,22,7.1,23.9,6.6,0.4,0.048
35,23,49.2,23.8,1.6,0.39,0.524
36,0,0.0,23.4,4.9,0.3,0.0
36,1,36.0,13.7,1.0,0.34,0.479
36,2,10.0,10.0,0.9,0.3,0.269
36,3,15.9,11.4,3.1,0.46,0.194
36,4,0.0,23.7,0.7,0.49,0.0
36,5,9.6,14.1,8.0,0.34,0.062
36,6,0.0,26.2,2.3,0.36,0.0
36,7,189.2,21.5,1.3,0.21,2.071
36,8,380.9,24.5,2.1,0.32,3.255
36,9,465.7,25.9,1.2,0.39,4.086
36,10,578.8,29.8,6.4,0.38,4.617
36,11,672.9,30.4,3.6,0.37,5.432
36,12,632.4,35.3,1.9,0.43,5.026
36,13,645.2,36.7,2.5,0.37,5.087
36,14,622.7,34.6,5.7,0.33,5.086
36,15,429.7,34.6,1.7,0.49,3.48
36,16,424.2,33.4,2.2,0.21,3.509
36,17,179.6,32.6,1.5,0.27,1.536
36,18,11.1,35.2,3.1,0.3,0.005
36,19,11.1,32.6,1.3,0.3,0.312
36,20,0.0,26.3,0.4,0.3,0.109
36,21,0.0,24.8,0.2,0.34,0.0
36,22,0.6,25.3,2.4,0.3,0.098
36,23,0.0,25.0,3.9,0.36,0.124
37,0,0.0,23.2,5.7,0.72,0.0
37,1,11.0,12.2,1.5,0.68,0.0
37,2,0.0,25.3,2.9,0.69,0.0
37,3,0.0,24.2,5.4,0.6,0.299
37,4,12.2,13.1,4.4,0.58,0.0
37,5,0.0,22.5,1.1,0.65,0.0
37,6,0.0,28.4,2.8,0.75,0.0
37,7,94.8,20.0,4.6,0.71,0.765
37,8,185.0,22.9,1.5,0.76,1.664
37,9,270.8,26.7,0.8,0.75,2.351
37,10,330.1,29.0,7.7,0.76,2.948
37,11,516.2,33.0,2.9,0.61,4.18
37,12,384.0,32.7,9.2,0.77,3.428
37,13,376.3,35.8,1.3,0.74,3.137
37,14,287.3,35.8,2.9,0.84,2.666
37,15,318.4,36.1,3.5,0.72,2.835
37,16,207.4,35.4,0.7,0.7,1.759
37,17,122.2,33.5,1.4,0.66,0.852
37,18,0.0,23.2,3.1,0.69,0.0
37,19,0.0,22.2,2.1,0.54,0.0
37,20,0.0,23.3,1.0,0.66,0.232
37,21,0.0,24.1,1.3,0.67,0.0
37,22,2.1,24.3,3.4,0.75,0.0
37,23,10.1,19.6,2.9,0.62,0.0
38,0,0.0,22.7,2.7,0.32,0.0
38,1,39.3,11.3,4.7,0.46,0.547
38,2,0.0,25.8,2.3,0.27,0.0
38,3,19.6,13.3,0.9,0.38,0.391
38,4,5.7,15.0,1.9,0.27,0.041
38,5,20.5,18.2,0.3,0.3,0.176
38,6,7.4,19.4,4.9,0.35,0.0
38,7,141.0,20.4,4.0,0.38,1.284
38,8,373.2,26.3,4.7,0.27,3.071
38,9,571.2,26.3,1.4,0.23,4.874
38,10,556.5,30.8,3.9,0.43,4.633
38,11,673.2,31.9,4.4,0.33,5.31
38,12,675.0,34.2,0.4,0.37,5.524
38,13,658.4,36.6,2.5,0.38,5.076
38,14,611.9,34.9,2.3,0.37,4.974
38,15,515.9,33.7,4.6,0.29,4.208
38,16,368.9,36.0,4.1,0.3,3.026
38,17,196.4,34.5,2.8,0.19,1.505
38,18,0.0,23.4,0.7,0.32,0.21
38,19,0.0,23.8,3.9,0.27,0.072
38,20,19.4,26.7,1.8,0.31,0.0
38,21,9.9,26.4,4.1,0.46,0.0
38,22,0.0,23.4,0.5,0.36,0.084
38,23,0.0,24.2,1.1,0.31,0.0
39,0,7.0,11.8,0.4,0.42,0.084
39,1,0.0,23.1,3.4,0.59,0.052
39,2,0.0,24.6,3.1,0.65,0.0
39,3,0.0,25.3,7.2,0.47,0.0
39,4,8.5,14.1,4.5,0.57,0.328
39,5,0.0,22.3,6.9,0.49,0.157
39,6,10.6,17.4,7.9,0.52,0.197
39,7,123.7,22.7,0.4,0.5,1.038
39,8,318.1,21.1,6.3,0.4,2.903
39,9,416.5,26.3,2.1,0.49,3.313
39,10,581.1,29.2,4.3,0.4,4.882
39,11,461.3,31.7,2.6,0.64,3.68
39,12,503.2,29.9,0.6,0.61,4.285
39,13,552.8,34.6,8.1,0.53,4.423
39,14,478.1,31.9,0.8,0.55,3.752
39,15,390.0,34.6,3.5,0.54,3.1
39,16,273.5,33.6,1.9,0.55,2.255
39,17,129.5,31.2,5.7,0.55,0.78
39,18,10.7,35.3,0.9,0.51,0.245
39,19,5.1,30.2,4.0,0.52,0.072
39,20,11.5,26.1,1.6,0.43,0.432
39,21,32.6,24.2,1.0,0.45,0.234
39,22,17.6,23.0,3.4,0.48,0.0
39,23,6.3,21.6,1.4,0.55,0.198
40,0,0.0,23.1,1.7,0.16,0.0
40,1,33.3,9.3,4.8,0.34,0.302
40,2,2.9,13.8,8.6,0.18,0.021
40,3,0.0,23.7,2.1,0.16,0.072
40,4,19.0,16.2,5.4,0.23,0.18
40,5,6.2,17.8,1.3,0.27,0.125
40,6,0.0,23.7,1.7,0.34,0.0
40,7,202.8,22.6,3.6,0.27,1.833
40,8,452.4,23.1,2.8,0.15,3.822
40,9,583.7,27.5,3.2,0.18,4.934
40,10,659.0,26.0,0.5,0.28,5.48
40,11,758.3,28.0,1.5,0.21,6.307
40,12,761.4,31.0,2.7,0.26,5.898
40,13,803.1,34.8,7.3,0.19,6.449
40,14,625.6,35.2,5.5,0.32,4.987
40,15,520.1,34.2,1.4,0.31,4.28
40,16,392.4,34.1,4.5,0.28,3.126
40,17,204.3,33.2,1.8,0.21,1.85
40,18,24.7,32.8,2.2,0.07,0.227
40,19,0.0,24.9,8.9,0.09,0.0
40,20,0.0,24.7,0.8,0.22,0.273
40,21,0.0,23.0,1.1,0.24,0.124
40,22,0.0,23.2,4.6,0.0,0.0
40,23,9.7,21.5,0.7,0.16,0.226
41,0,1.7,9.8,1.7,0.59,0.0
41,1,21.9,11.1,6.8,0.58,0.245
41,2,0.0,24.0,3.4,0.46,0.07
41,3,12.6,13.0,0.6,0.55,0.431
41,4,21.3,13.1,1.5,0.51,0.515
41,5,0.0,21.9,4.8,0.49,0.063
41,6,0.0,21.8,1.1,0.59,0.088
41,7,100.2,22.6,1.3,0.59,0.666
41,8,340.4,23.2,7.0,0.46,2.971
41,9,454.4,24.0,1.3,0.43,3.715
41,10,586.4,25.4,4.5,0.4,5.217
41,11,640.7,30.7,5.1,0.39,5.274
41,12,522.9,34.8,1.3,0.61,4.093
41,13,453.7,33.6,2.5,0.65,3.789
41,14,513.8,33.5,1.8,0.52,4.413
41,15,378.8,36.4,3.1,0.59,3.152
41,16,309.8,34.4,0.4,0.45,2.54
41,17,161.3,33.8,2.4,0.5,1.55
41,18,0.0,23.6,3.7,0.58,0.054
41,19,3.2,30.2,2.4,0.53,0.0
41,20,0.0,24.2,4.8,0.5,0.0
41,21,22.5,27.1,3.7,0.37,0.179
41,22,12.3,23.0,1.8,0.39,0.09
41,23,0.0,22.3,2.6,0.47,0.128
42,0,0.0,23.5,2.3,0.28,0.0
42,1,45.4,7.2,1.7,0.32,0.408
42,2,0.0,22.4,0.4,0.28,0.058
42,3,29.1,11.4,1.3,0.31,0.4
42,4,14.4,14.7,1.6,0.33,0.437
42,5,12.3,13.9,2.7,0.37,0.0
42,6,0.0,24.6,3.9,0.33,0.0
42,7,206.3,20.1,4.0,0.28,2.144
42,8,359.0,23.6,2.2,0.31,3.115
42,9,458.0,27.6,3.3,0.4,3.762
42,10,640.0,28.4,2.4,0.31,5.318
42,11,733.9,29.6,1.8,0.25,6.154
42,12,781.8,32.8,0.7,0.25,6.193
42,13,663.4,34.3,3.4,0.35,5.342
42,14,603.1,37.6,1.9,0.37,4.832
42,15,465.8,34.9,1.5,0.42,3.74
42,16,354.9,36.1,3.0,0.3,2.784
42,17,151.6,35.8,2.1,0.43,1.606
42,18,0.0,24.7,4.0,0.3,0.0
42,19,0.0,22.7,6.2,0.31,0.005
42,20,0.0,21.3,4.8,0.28,0.214
42,21,27.8,27.3,2.9,0.37,0.081
42,22,6.2,25.6,0.7,0.41,0.0
42,23,0.0,24.1,1.0,0.32,0.144
43,0,0.0,24.7,0.4,0.28,0.0
43,1,0.0,23.1,0.6,0.2,0.048
43,2,4.0,12.5,10.0,0.33,0.074
43,3,0.0,24.9,5.8,0.29,0.335
43,4,0.0,23.0,6.9,0.3,0.0
43,5,0.0,24.8,0.9,0.27,0.0
43,6,0.0,22.9,0.5,0.25,0.117
43,7,177.8,18.9,4.0,0.28,1.794
43,8,351.8,23.6,4.6,0.35,3.049
43,9,461.6,25.4,0.7,0.39,3.869
43,10,636.8,28.9,5.2,0.31,4.973
43,11,678.5,31.3,6.7,0.34,5.421
43,12,744.4,32.1,4.8,0.3,5.967
43,13,698.7,34.4,3.5,0.31,5.574
43,14,665.8,34.0,6.3,0.21,5.376
43,15,458.7,36.2,2.4,0.38,3.764
43,16,341.9,33.3,2.5,0.36,2.925
43,17,172.6,31.7,4.6,0.43,1.771
43,18,6.0,33.9,6.0,0.27,0.006
43,19,7.7,27.5,1.4,0.32,0.225
43,20,10.3,27.8,1.0,0.24,0.0
43,21,5.5,25.3,2.4,0.33,0.027
43,22,6.7,24.2,2.5,0.31,0.0
43,23,0.0,22.6,3.5,0.37,0.0
44,0,8.5,10.7,0.9,0.21,0.061
44,1,0.0,20.0,2.3,0.27,0.119
44,2,0.0,24.2,1.1,0.18,0.0
44,3,3.0,10.3,2.4,0.26,0.0
44,4,34.6,13.3,0.3,0.19,0.483
44,5,0.0,21.5,3.4,0.18,0.296
44,6,0.0,24.4,11.6,0.22,0.09
44,7,196.7,18.6,2.8,0.25,1.791
44,8,443.0,20.6,2.5,0.11,3.84
44,9,621.7,27.3,2.6,0.1,5.238
44,10,704.1,26.9,4.6,0.23,6.153
44,11,747.7,30.5,1.7,0.21,6.091
44,12,934.7,32.7,1.5,0.06,7.109
44,13,840.1,31.2,1.4,0.09,6.729
44,14,714.7,35.9,1.5,0.16,5.475
44,15,558.3,33.1,10.0,0.24,4.862
44,16,393.4,34.5,2.0,0.23,3.25
44,17,191.3,34.1,0.7,0.3,1.734
44,18,1.5,31.9,3.3,0.31,0.0
44,19,6.2,28.8,1.1,0.4,0.0
44,20,14.9,29.3,3.0,0.11,0.18
44,21,6.6,24.0,2.6,0.21,0.0
44,22,0.0,20.7,3.3,0.3,0.022
44,23,0.0,24.4,3.2,0.12,0.196
45,0,21.0,12.6,5.4,0.02,0.003
45,1,29.3,7.6,1.5,0.14,0.17
45,2,14.5,10.4,3.7,0.21,0.0
45,3,16.5,11.6,0.5,0.23,0.148
45,4,5.1,8.8,3.2,0.0,0.097
45,5,31.5,14.1,7.2,0.03,0.306
45,6,0.0,24.2,2.2,0.12,0.065
45,7,225.2,18.3,3.2,0.09,2.178
45,8,409.2,24.4,1.5,0.15,3.701
45,9,625.9,28.1,2.5,0.14,4.824
45,10,651.9,27.4,0.5,0.26,5.131
45,11,840.9,28.8,0.9,0.12,6.681
45,12,828.3,31.9,4.1,0.14,6.44
45,13,803.8,31.1,0.4,0.13,6.457
45,14,706.0,36.1,4.2,0.21,5.79
45,15,661.7,35.2,1.7,0.04,5.116
45,16,431.8,32.0,1.1,0.16,3.578
45,17,236.8,32.1,3.3,0.07,2.002
45,18,0.0,22.0,5.3,0.02,0.156
45,19,0.0,24.1,4.3,0.22,0.0
45,20,0.0,23.7,4.9,0.17,0.0
45,21,0.0,21.5,0.8,0.24,0.114
45,22,20.7,22.7,6.8,0.15,0.177
45,23,0.0,21.8,0.4,0.18,0.0
46,0,0.0,23.0,2.7,0.13,0.236
46,1,0.0,21.8,5.9,0.16,0.0
46,2,0.0,25.4,2.9,0.09,0.0
46,3,0.0,22.9,2.1,0.25,0.304
46,4,0.0,21.8,2.0,0.05,0.0
46,5,0.0,20.6,1.3,0.25,0.143
46,6,0.0,20.1,0.9,0.1,0.0
46,7,234.5,20.7,4.8,0.19,1.796
46,8,454.7,23.5,2.0,0.13,4.047
46,9,596.3,27.3,7.9,0.15,5.036
46,10,699.6,25.9,3.4,0.24,5.618
46,11,820.8,30.9,2.0,0.13,6.537
46,12,916.7,29.8,1.3,0.05,7.156
46,13,841.9,34.1,7.0,0.14,6.669
46,14,722.0,34.8,2.7,0.17,5.842
46,15,684.4,34.6,1.4,0.0,5.306
46,16,364.1,33.5,3.7,0.2,3.176
46,17,212.6,32.3,2.3,0.21,1.755
46,18,0.0,21.7,2.7,0.0,0.105
46,19,0.0,19.3,5.1,0.11,0.174
46,20,0.0,23.3,1.5,0.18,0.253
46,21,0.0,20.5,1.6,0.03,0.18
46,22,9.2,22.5,3.6,0.09,0.0
46,23,8.9,19.5,0.4,0.09,0.0
47,0,11.7,11.4,6.7,0.2,0.291
47,1,12.9,10.1,2.1,0.24,0.02
47,2,16.6,10.4,2.9,0.15,0.077
47,3,5.9,11.7,3.0,0.16,0.0
47,4,0.0,23.5,2.2,0.23,0.378
47,5,0.0,21.4,2.4,0.2,0.0
47,6,0.0,20.7,3.4,0.15,0.001
47,7,183.6,19.4,0.6,0.26,1.667
47,8,444.4,21.9,1.9,0.04,3.93
47,9,586.2,25.8,2.2,0.17,4.851
47,10,713.2,27.9,1.1,0.12,5.757
47,11,819.7,29.8,2.9,0.12,6.586
47,12,816.3,33.2,1.0,0.17,6.415
47,13,816.7,33.3,5.6,0.16,6.447
47,14,623.9,34.7,3.0,0.35,5.033
47,15,573.1,33.5,0.2,0.21,4.688
47,16,409.3,36.1,2.0,0.18,3.182
47,17,186.0,33.9,6.4,0.29,1.464
47,18,16.8,30.1,3.3,0.24,0.369
47,19,10.7,28.2,4.2,0.01,0.125
47,20,0.0,24.8,4.4,0.16,0.199
47,21,0.0,22.5,3.3,0.21,0.0
47,22,6.3,24.7,4.5,0.11,0.179
47,23,13.9,23.0,3.9,0.18,0.0
48,0,0.0,22.1,2.0,0.24,0.124
48,1,22.7,10.4,5.6,0.31,0.245
48,2,17.8,11.4,2.1,0.15,0.345
48,3,0.0,20.6,2.0,0.13,0.0
48,4,0.0,19.2,4.3,0.24,0.136
48,5,0.0,24.7,1.0,0.3,0.0
48,6,0.0,20.7,2.9,0.38,0.0
48,7,203.7,19.0,1.2,0.26,1.923
48,8,418.6,24.2,7.9,0.22,3.508
48,9,517.1,24.7,0.9,0.35,4.446
48,10,652.6,28.5,0.9,0.28,5.311
48,11,623.2,29.9,4.2,0.42,5.213
48,12,747.7,29.4,0.7,0.27,6.019
48,13,839.0,31.6,3.8,0.12,6.666
48,14,683.7,33.8,5.0,0.22,5.471
48,15,581.0,32.5,0.6,0.2,4.618
48,16,414.1,35.1,3.0,0.17,3.284
48,17,211.2,33.3,4.1,0.22,1.913
48,18,0.0,19.5,2.8,0.22,0.0
48,19,31.3,30.1,2.6,0.26,0.54
48,20,18.0,26.3,1.0,0.23,0.326
48,21,2.4,24.1,2.2,0.31,0.0
48,22,0.0,23.0,1.4,0.31,0.074
48,23,9.5,16.4,2.3,0.29,0.273
49,0,12.4,8.5,3.2,0.72,0.0
49,1,0.0,22.1,4.2,0.55,0.0
49,2,2.2,7.7,0.9,0.57,0.168
49,3,31.7,12.8,0.8,0.63,0.19
49,4,3.8,7.3,1.9,0.72,0.0
49,5,0.0,23.2,1.2,0.59,0.026
49,6,10.0,17.5,3.1,0.67,0.036
49,7,141.2,17.9,3.7,0.72,1.404
49,8,163.5,21.7,1.0,0.86,1.684
49,9,302.3,23.1,1.5,0.72,2.914
49,10,413.3,29.6,1.8,0.66,3.584
49,11,377.4,29.0,1.7,0.79,3.313
49,12,457.4,31.7,3.8,0.72,3.656
49,13,457.2,32.8,1.8,0.68,3.977
49,14,303.5,31.2,2.5,0.79,2.695
49,15,362.8,30.6,1.2,0.63,2.943
49,16,227.1,33.5,5.7,0.72,1.91
49,17,126.4,34.5,3.6,0.71,0.934
49,18,5.7,31.9,1.8,0.77,0.034
49,19,0.0,21.3,1.0,0.61,0.0
49,20,9.2,27.4,0.5,0.6,0.091
49,21,0.0,21.0,5.1,0.67,0.0
49,22,0.0,23.5,5.7,0.68,0.178
49,23,0.0,22.5,0.7,0.7,0.0
50,0,0.0,21.8,5.5,0.72,0.0
50,1,26.6,12.5,1.8,0.79,0.231
50,2,0.0,20.4,9.3,0.81,0.0
50,3,24.7,9.1,0.8,0.77,0.317
50,4,0.0,20.9,0.9,0.67,0.0
50,5,0.0,20.5,3.8,0.84,0.0
50,6,7.5,15.2,2.6,0.63,0.096
50,7,86.0,19.6,9.2,0.73,0.709
50,8,174.0,22.1,0.5,0.82,1.54
50,9,290.4,21.4,3.7,0.7,2.504
50,10,303.8,25.5,2.1,0.85,2.865
50,11,272.0,28.0,1.0,0.9,2.425
50,12,325.2,27.9,1.4,0.88,2.838
50,13,352.0,33.0,2.4,0.78,3.031
50,14,319.8,33.2,2.3,0.83,2.817
50,15,331.1,34.0,1.8,0.71,3.031
50,16,199.0,32.0,0.7,0.78,1.711
50,17,86.8,31.2,1.6,0.79,0.856
50,18,6.9,31.0,3.6,0.76,0.149
50,19,15.2,28.8,0.3,0.76,0.269
50,20,12.0,25.8,0.8,0.73,0.203
50,21,19.4,24.6,3.6,0.59,0.079
50,22,29.0,20.2,4.4,0.78,0.308
50,23,3.9,20.0,2.7,0.77,0.0
51,0,0.0,21.6,2.5,0.54,0.0
51,1,0.0,20.1,1.6,0.43,0.0
51,2,0.3,7.3,1.6,0.38,0.0
51,3,0.0,21.4,2.8,0.44,0.206
51,4,0.0,22.6,0.7,0.42,0.0
51,5,5.5,13.5,1.3,0.37,0.199
51,6,30.1,17.9,3.0,0.34,0.345
51,7,187.3,19.4,7.3,0.26,1.657
51,8,332.0,22.9,9.0,0.38,3.117
51,9,414.0,21.4,3.7,0.5,3.177
51,10,669.4,25.2,1.0,0.22,5.387
51,11,729.4,28.6,3.3,0.3,6.211
51,12,639.7,30.7,5.0,0.43,5.273
51,13,659.9,31.6,2.7,0.39,5.279
51,14,548.4,32.1,4.4,0.41,4.647
51,15,567.2,29.7,4.4,0.22,4.536
51,16,357.2,34.4,2.9,0.33,2.726
51,17,148.2,32.9,2.2,0.41,1.173
51,18,13.0,29.6,2.7,0.42,0.0
51,19,14.2,28.5,3.1,0.4,0.042
51,20,3.5,25.2,1.6,0.3,0.0
51,21,7.1,25.2,5.9,0.42,0.032
51,22,0.0,20.6,1.1,0.28,0.0
51,23,15.5,20.1,3.9,0.3,0.0
52,0,0.0,19.9,3.0,0.31,0.0
52,1,7.3,7.3,4.0,0.52,0.0
52,2,9.1,6.5,3.6,0.37,0.0
52,3,7.4,10.5,1.8,0.41,0.327
52,4,0.0,19.8,2.2,0.23,0.065
52,5,4.3,14.1,0.6,0.49,0.0
52,6,2.3,17.1,4.7,0.44,0.051
52,7,213.3,18.5,1.9,0.27,1.918
52,8,365.2,23.0,1.2,0.28,3.093
52,9,415.6,22.8,0.7,0.54,3.381
52,10,626.6,24.7,2.3,0.33,5.268
52,11,538.9,28.6,5.7,0.55,4.579
52,12,716.5,29.9,3.3,0.37,5.931
52,13,787.5,33.9,1.6,0.21,6.241
52,14,510.3,29.8,3.0,0.49,4.553
52,15,452.3,31.1,4.1,0.44,3.807
52,16,300.3,34.4,2.1,0.46,1.989
52,17,161.4,30.3,4.1,0.36,1.228
52,18,0.0,20.4,2.4,0.39,0.041
52,19,0.0,20.0,7.0,0.48,0.0
52,20,25.8,25.8,4.1,0.34,0.415
52,21,12.2,26.5,2.5,0.25,0.0
52,22,0.0,22.3,1.7,0.48,0.0
52,23,0.0,20.7,1.6,0.36,0.0
53,0,0.0,23.3,0.5,0.58,0.0
53,1,0.0,19.0,1.2,0.44,0.204
53,2,2.8,9.0,6.6,0.45,0.0
53,3,0.7,12.5,2.8,0.46,0.077
53,4,6.5,9.1,5.1,0.29,0.0
53,5,0.0,19.0,1.8,0.57,0.196
53,6,21.3,13.8,4.9,0.43,0.335
53,7,158.4,17.2,0.9,0.46,1.756
53,8,281.0,21.6,2.5,0.6,2.343
53,9,424.1,25.4,1.3,0.49,3.613
53,10,490.2,27.4,5.2,0.55,4.255
53,11,554.8,29.9,6.7,0.51,4.622
53,12,581.0,30.4,0.9,0.54,4.622
53,13,576.7,30.4,1.0,0.5,4.458
53,14,463.9,30.8,6.5,0.57,3.96
53,15,444.3,32.4,1.4,0.46,3.707
53,16,298.1,30.8,1.5,0.52,2.524
53,17,144.8,29.4,0.9,0.42,1.258
53,18,0.0,21.3,4.6,0.57,0.0
53,19,0.0,19.1,3.9,0.31,0.0
53,20,12.5,25.2,3.0,0.49,0.0
53,21,2.8,26.2,3.8,0.51,0.116
53,22,0.0,21.2,2.9,0.51,0.0
53,23,0.0,21.2,2.2,0.48,0.034
54,0,0.0,19.8,2.3,0.43,0.0
54,1,0.0,18.8,2.2,0.5,0.0
54,2,0.0,21.0,2.7,0.28,0.0
54,3,23.5,8.7,0.3,0.18,0.213
54,4,0.0,19.9,2.9,0.24,0.0
54,5,0.0,19.2,4.4,0.26,0.083
54,6,0.0,20.7,1.2,0.32,0.045
54,7,192.8,17.8,5.3,0.32,1.829
54,8,316.2,16.8,4.9,0.41,2.932
54,9,551.8,21.3,0.6,0.29,4.702
54,10,619.2,25.0,2.8,0.32,5.081
54,11,678.5,30.4,1.0,0.34,5.352
54,12,749.9,28.0,3.0,0.26,5.853
54,13,719.7,31.5,2.1,0.3,5.463
54,14,500.5,33.5,4.7,0.55,4.026
54,15,512.9,33.8,0.8,0.32,4.323
54,16,405.2,31.0,1.4,0.25,3.323
54,17,236.2,32.3,1.5,0.15,1.958
54,18,5.4,29.9,1.3,0.41,0.043
54,19,1.0,27.7,7.5,0.3,0.0
54,20,0.0,19.4,1.5,0.28,0.0
54,21,3.4,20.1,5.6,0.52,0.0
54,22,0.0,19.3,1.2,0.44,0.234
54,23,22.3,15.1,0.8,0.19,0.155
55,0,11.5,9.4,5.1,0.24,0.283
55,1,0.0,20.4,1.3,0.35,0.12
55,2,0.0,22.4,5.2,0.33,0.0
55,3,6.5,6.7,2.3,0.18,0.295
55,4,16.0,8.0,4.1,0.41,0.232
55,5,4.5,12.0,3.2,0.42,0.0
55,6,15.6,14.9,4.7,0.18,0.048
55,7,216.3,18.4,2.1,0.13,2.022
55,8,423.2,18.0,2.6,0.16,3.485
55,9,520.5,19.7,4.1,0.32,4.558
55,10,608.1,23.4,5.0,0.35,5.313
55,11,730.0,32.3,2.2,0.28,5.783
55,12,809.5,27.6,6.1,0.22,6.647
55,13,739.6,29.6,1.1,0.26,5.917
55,14,645.8,32.7,1.5,0.31,5.262
55,15,579.2,32.6,4.4,0.17,4.827
55,16,436.4,30.7,4.2,0.13,3.626
55,17,192.3,25.9,1.3,0.26,1.335
55,18,0.0,20.6,0.7,0.37,0.0
55,19,9.8,26.4,3.7,0.28,0.015
55,20,20.0,26.9,3.0,0.28,0.351
55,21,0.0,19.8,1.5,0.21,0.0
55,22,2.4,20.6,5.8,0.34,0.0
55,23,20.9,14.2,1.4,0.13,0.253
56,0,0.0,19.6,1.3,0.34,0.0
56,1,14.8,7.3,4.0,0.29,0.088
56,2,0.0,18.8,3.5,0.33,0.094
56,3,0.0,20.1,3.1,0.27,0.107
56,4,6.5,11.0,1.9,0.4,0.479
56,5,0.0,18.8,1.0,0.34,0.18
56,6,0.0,20.4,1.5,0.29,0.001
56,7,140.7,19.1,3.4,0.38,1.416
56,8,361.6,20.3,4.4,0.34,3.261
56,9,515.1,21.9,3.7,0.3,4.278
56,10,624.9,25.2,3.5,0.29,5.209
56,11,639.5,26.7,0.7,0.4,5.433
56,12,743.8,29.3,1.4,0.27,6.122
56,13,684.7,31.5,0.6,0.32,5.567
56,14,614.5,30.7,1.2,0.32,5.227
56,15,502.9,32.5,2.6,0.37,4.222
56,16,358.3,33.7,1.1,0.33,3.139
56,17,171.4,30.0,5.5,0.51,1.435
56,18,0.0,18.4,3.1,0.2,0.0
56,19,0.0,18.9,2.1,0.39,0.056
56,20,27.2,25.8,3.3,0.34,0.388
56,21,0.0,20.1,4.0,0.43,0.086
56,22,19.0,18.7,5.4,0.21,0.271
56,23,0.0,15.6,2.0,0.44,0.244
57,0,11.5,8.3,0.5,0.49,0.126
57,1,0.0,19.9,3.9,0.66,0.119
57,2,23.4,8.2,1.0,0.64,0.192
57,3,30.4,7.4,6.3,0.61,0.29
57,4,16.5,6.5,10.6,0.54,0.29
57,5,6.2,11.2,4.8,0.54,0.36
57,6,0.0,18.1,0.5,0.61,0.0
57,7,158.6,17.4,1.4,0.54,1.294
57,8,348.4,21.6,0.5,0.45,3.218
57,9,435.3,23.2,1.1,0.46,3.978
57,10,395.4,24.0,4.2,0.67,3.501
57,11,485.4,28.0,4.1,0.67,4.072
57,12,488.9,27.9,0.9,0.64,4.124
57,13,512.2,31.2,7.8,0.61,4.293
57,14,435.9,31.1,4.0,0.63,3.446
57,15,353.2,30.6,1.5,0.64,3.02
57,16,250.0,31.6,2.3,0.62,2.294
57,17,145.5,30.4,1.0,0.54,1.183
57,18,0.0,21.4,1.1,0.54,0.224
57,19,0.0,19.2,10.5,0.51,0.0
57,20,0.0,19.1,0.7,0.62,0.151
57,21,18.7,24.1,1.1,0.52,0.0
57,22,0.0,19.9,2.0,0.59,0.0
57,23,2.9,17.0,2.6,0.71,0.0
58,0,0.0,22.1,2.5,0.53,0.0
58,1,2.4,3.4,3.3,0.64,0.355
58,2,24.1,5.2,7.2,0.69,0.239
58,3,3.8,7.4,2.8,0.41,0.289
58,4,14.5,11.7,6.4,0.45,0.454
58,5,0.0,21.5,1.1,0.6,0.082
58,6,0.0,19.7,3.2,0.5,0.0
58,7,150.2,15.6,3.5,0.6,1.345
58,8,249.5,17.2,1.4,0.62,2.119
58,9,395.4,22.8,3.3,0.52,3.508
58,10,435.4,25.1,5.1,0.63,3.955
58,11,430.8,25.9,2.7,0.7,3.571
58,12,512.5,30.3,3.3,0.64,4.145
58,13,591.5,32.7,4.8,0.49,4.841
58,14,463.1,29.7,4.7,0.55,4.164
58,15,419.3,31.8,2.4,0.52,3.469
58,16,211.4,29.1,2.4,0.69,2.09
58,17,149.1,30.5,0.4,0.55,1.107
58,18,9.8,26.8,2.6,0.51,0.164
58,19,0.0,19.4,2.5,0.57,0.241
58,20,0.0,22.2,5.7,0.6,0.0
58,21,12.7,21.1,1.7,0.53,0.037
58,22,0.0,21.5,2.1,0.57,0.152
58,23,0.0,21.4,1.4,0.56,0.0
59,0,25.8,9.1,1.9,0.22,0.329
59,1,14.5,6.4,1.7,0.23,0.239
59,2,8.4,5.2,3.5,0.18,0.265
59,3,6.5,8.2,1.0,0.12,0.34
59,4,16.6,10.6,3.5,0.19,0.026
59,5,2.7,10.6,0.5,0.09,0.043
59,6,13.3,12.4,0.9,0.24,0.299
59,7,218.1,14.4,0.9,0.19,2.12
59,8,403.3,23.5,1.2,0.18,3.599
59,9,689.2,18.5,5.1,0.0,5.836
59,10,612.7,25.3,1.3,0.35,5.212
59,11,718.6,25.6,1.6,0.27,5.777
59,12,760.2,30.1,7.3,0.26,6.449
59,13,767.6,31.6,2.1,0.17,6.068
59,14,668.7,29.0,4.5,0.21,5.095
59,15,456.6,30.8,4.6,0.39,3.413
59,16,449.9,30.1,4.9,0.1,3.917
59,17,217.0,30.5,1.0,0.22,2.14
59,18,18.6,28.1,2.3,0.21,0.235
59,19,7.6,27.6,0.9,0.17,0.163
59,20,27.1,24.8,2.0,0.19,0.278
59,21,0.0,18.0,2.6,0.08,0.0
59,22,0.0,20.5,2.5,0.21,0.0
59,23,0.0,19.6,3.7,0.06,0.0
60,0,3.9,7.7,0.5,0.25,0.033
60,1,0.0,17.9,6.4,0.17,0.088
60,2,0.0,19.7,0.3,0.04,0.0
60,3,0.0,18.0,1.4,0.0,0.055
60,4,3.1,11.2,0.8,0.12,0.15
60,5,0.0,19.2,0.8,0.15,0.0
60,6,0.5,9.9,0.5,0.03,0.039
60,7,201.3,16.8,2.0,0.24,1.798
60,8,453.9,19.4,2.7,0.13,4.158
60,9,638.0,21.3,4.2,0.07,5.536
60,10,803.9,25.0,3.3,0.0,6.653
60,11,852.9,23.8,2.2,0.1,6.678
60,12,886.3,28.5,6.0,0.09,7.261
60,13,787.6,28.2,0.2,0.16,6.177
60,14,657.7,30.6,4.8,0.19,5.266
60,15,626.6,29.5,2.3,0.11,5.084
60,16,420.2,28.3,3.9,0.15,3.658
60,17,194.0,28.9,2.8,0.22,1.618
60,18,0.0,16.0,5.2,0.16,0.309
60,19,19.5,26.1,1.8,0.09,0.446
60,20,26.5,24.8,7.3,0.16,0.16
60,21,0.0,20.5,3.6,0.07,0.024
60,22,23.2,19.1,6.6,0.15,0.091
60,23,0.0,17.8,2.7,0.11,0.0
