rms,tepe,crest,kurtosis,carpiklik,bant_0_500,bant_500_2k,bant_2k_3k,bant_3k_4k,bant_4k_6k,rpm,sinif
0.61017,1.87054,3.06561,2.7278,-0.04339,0.12041,0.23633,0.1591,0.16807,0.31313,1762.50955,saglam
0.40092,1.42653,3.55814,2.91076,0.1006,0.11124,0.2463,0.15885,0.1545,0.3277,1782.48446,saglam
0.41025,1.57898,3.84882,2.96946,-0.17981,0.1237,0.24505,0.14823,0.16819,0.31394,1702.06715,saglam
0.38931,1.30407,3.34968,2.87024,0.20476,0.11613,0.22861,0.16211,0.16675,0.32591,1794.5558,saglam
0.4193,1.56366,3.72925,2.82306,-0.07103,0.11563,0.24387,0.15934,0.15901,0.32067,1702.66955,saglam
0.48153,1.63072,3.38657,2.85712,0.14376,0.12037,0.23835,0.15889,0.15696,0.32487,1708.64599,saglam
0.50314,1.77513,3.52807,2.81374,-0.04823,0.12348,0.24213,0.15544,0.15882,0.3199,1707.86321,saglam
0.46731,1.64899,3.52866,2.91344,-0.05332,0.11214,0.22853,0.15947,0.15967,0.33991,1714.34486,saglam
0.47725,1.77617,3.72171,2.87573,0.0633,0.10924,0.23873,0.15531,0.16956,0.32575,1792.75091,saglam
0.42412,1.39437,3.28766,2.8618,-0.12595,0.12497,0.24118,0.15683,0.16209,0.3147,1706.83468,saglam
0.45537,1.56991,3.44759,2.92133,0.03062,0.10783,0.24349,0.16307,0.15521,0.33013,1746.30958,saglam
0.69916,2.43237,3.479,2.86533,-0.01597,0.10929,0.24969,0.15709,0.1683,0.31474,1780.57748,saglam
0.69801,2.87585,4.12006,3.02866,0.109,0.11099,0.23792,0.15441,0.16897,0.32751,1784.69579,saglam
0.65789,2.11608,3.21647,2.84273,0.02639,0.11248,0.23656,0.16267,0.16401,0.32296,1772.11772,saglam
0.72258,2.83944,3.92957,2.98043,0.03875,0.11627,0.24295,0.15759,0.15184,0.33096,1758.09739,saglam
0.69353,2.25613,3.25309,2.79429,-0.05534,0.11615,0.25217,0.16022,0.16116,0.30904,1724.14876,saglam
0.51931,1.99802,3.84743,2.78535,-0.1513,0.11758,0.23414,0.1622,0.16231,0.32375,1750.9445,saglam
0.47538,1.54929,3.25906,2.73946,-0.09233,0.11544,0.23497,0.1653,0.16726,0.31565,1728.19331,saglam
0.58861,2.18192,3.70687,2.79202,0.02971,0.11754,0.2441,0.15959,0.1578,0.31962,1795.13417,saglam
0.63339,2.03139,3.20714,2.85484,0.04524,0.10959,0.25166,0.15459,0.15387,0.33022,1754.06996,saglam
0.41765,1.34735,3.22602,2.85911,0.01295,0.11103,0.23986,0.14665,0.1609,0.34015,1767.36711,saglam
0.49202,2.01438,4.0941,3.01892,-0.07938,0.11551,0.23623,0.16908,0.15541,0.32212,1762.29672,saglam
0.61832,2.05815,3.32862,2.95695,-0.09352,0.11165,0.25744,0.16402,0.15168,0.3141,1741.22227,saglam
0.61813,2.22437,3.59857,2.83676,0.08621,0.1132,0.2393,0.16432,0.15861,0.32447,1723.80458,saglam
0.65654,2.19333,3.34075,2.75214,0.15267,0.11801,0.24342,0.1567,0.16082,0.32015,1782.85312,saglam
0.46411,1.57764,3.39932,2.89219,0.17088,0.12868,0.24435,0.15315,0.15752,0.31612,1708.27637,saglam
0.43253,1.41116,3.26258,2.98395,0.14519,0.12,0.24155,0.16102,0.17102,0.30609,1713.63921,saglam
0.63417,2.15769,3.40239,2.80874,0.11786,0.11424,0.24857,0.15743,0.15744,0.32101,1775.14621,saglam
0.51394,1.86745,3.63361,2.80261,0.0197,0.11673,0.23617,0.14536,0.16396,0.33612,1732.4399,saglam
0.61729,1.95647,3.16946,2.87446,-0.0429,0.10693,0.23149,0.15631,0.16958,0.33549,1756.75092,saglam
0.55551,1.93112,3.47631,2.92,-0.01274,0.11854,0.24052,0.16454,0.1608,0.31467,1713.66033,saglam
0.55396,2.00331,3.61633,2.91955,0.15877,0.11063,0.2521,0.16553,0.16373,0.30763,1736.85822,saglam
0.62801,2.27341,3.62003,2.99079,-0.15146,0.11336,0.24403,0.15549,0.16592,0.32111,1702.9523,saglam
0.5377,1.71672,3.19269,2.80215,-0.0791,0.1049,0.25571,0.16905,0.15259,0.31731,1763.6019,saglam
0.53168,1.81616,3.41592,2.93208,0.09508,0.12685,0.23432,0.15921,0.16673,0.31122,1709.19816,saglam
0.63631,2.15197,3.38195,2.91274,0.02176,0.10851,0.23697,0.16605,0.15643,0.33104,1786.2013,saglam
0.39092,1.18157,3.02255,2.84317,-0.06537,0.10741,0.24733,0.15767,0.15452,0.33181,1761.70002,saglam
0.48493,1.6519,3.40646,2.74771,-0.10564,0.11298,0.22771,0.16679,0.16508,0.32738,1747.49941,saglam
0.60004,1.8999,3.16626,2.93149,0.03776,0.10203,0.24621,0.17038,0.16184,0.31916,1763.158,saglam
0.67015,2.46173,3.67342,2.87703,-0.05455,0.11977,0.24053,0.1634,0.15481,0.32144,1798.97816,saglam
0.5385,2.07644,3.85597,2.9458,-0.07597,0.11043,0.24985,0.16153,0.1586,0.31809,1750.97233,saglam
0.53154,2.03667,3.83167,3.0843,-0.08106,0.11183,0.24613,0.15485,0.17036,0.31648,1741.14711,saglam
0.59115,2.09534,3.5445,2.8964,-0.09261,0.11888,0.23358,0.16254,0.16071,0.32387,1702.39105,saglam
0.48214,1.92848,3.99981,2.96192,0.08044,0.10782,0.23949,0.162,0.1691,0.32025,1789.29526,saglam
0.541,2.13286,3.94243,2.94968,0.05304,0.10924,0.24215,0.1716,0.16619,0.31068,1770.64408,saglam
0.49911,1.61687,3.23951,2.7,0.09341,0.11684,0.24766,0.15698,0.16057,0.3179,1768.55865,saglam
0.46363,1.4886,3.21075,2.78508,-0.09657,0.12552,0.23151,0.16061,0.15872,0.32302,1717.94284,saglam
0.46997,1.64216,3.49419,3.00746,-0.02478,0.11948,0.23924,0.17049,0.15942,0.30952,1746.09086,saglam
0.66376,2.43943,3.67519,2.94982,-0.03577,0.10302,0.24402,0.1531,0.16513,0.33361,1754.89971,saglam
0.37689,1.60236,4.2515,2.86952,0.05118,0.10831,0.24627,0.16001,0.16466,0.32062,1794.83706,saglam
0.65849,2.44405,3.71158,2.88995,0.07274,0.11322,0.23681,0.1588,0.16737,0.32352,1764.77935,saglam
0.5083,1.75392,3.45058,2.81959,-0.0057,0.12238,0.24147,0.16438,0.15645,0.31498,1700.79705,saglam
0.53811,1.76357,3.27733,2.95455,0.13346,0.11275,0.24067,0.14601,0.16821,0.3314,1782.08667,saglam
0.6285,2.28524,3.63602,2.9771,-0.06718,0.1133,0.23593,0.16351,0.17138,0.31553,1704.29395,saglam
0.63515,2.11861,3.33561,2.77932,-0.05993,0.1181,0.24538,0.14199,0.17042,0.32361,1722.06016,saglam
0.45047,1.51346,3.35976,2.87901,0.09993,0.11933,0.24223,0.16459,0.1484,0.32387,1718.12865,saglam
0.65184,2.20907,3.38898,2.8154,-0.16533,0.10736,0.23082,0.16744,0.17072,0.32366,1724.22327,saglam
0.41813,1.67861,4.01454,3.05702,-0.0354,0.11858,0.24705,0.17088,0.15232,0.30942,1711.75324,saglam
0.53646,1.9498,3.63456,2.90983,-0.17632,0.11042,0.24432,0.17023,0.15678,0.31778,1752.10024,saglam
0.41163,1.28382,3.11882,2.74442,-0.05054,0.10743,0.24831,0.16504,0.16794,0.30944,1759.84782,saglam
0.52931,1.76424,3.33308,2.80419,0.01685,0.11377,0.23851,0.17258,0.16151,0.31246,1728.06268,saglam
0.56971,1.89356,3.32375,2.821,-0.08088,0.11358,0.24387,0.16189,0.15353,0.32615,1798.53762,saglam
0.47828,1.8493,3.8666,2.90539,-0.18908,0.11618,0.24453,0.16187,0.16152,0.3148,1729.23543,saglam
0.4359,1.4257,3.27072,2.90198,0.08682,0.11207,0.24512,0.1638,0.15132,0.32685,1791.28147,saglam
0.4518,1.58213,3.50185,2.95477,0.01251,0.1111,0.23563,0.16091,0.16669,0.32563,1737.68981,saglam
0.61916,2.33378,3.76929,2.82697,-0.01014,0.11858,0.23014,0.16514,0.16603,0.31998,1716.59098,saglam
0.59276,2.14419,3.61726,2.9725,-0.08308,0.11778,0.24823,0.15001,0.17349,0.30929,1798.21584,saglam
0.63897,1.96109,3.06915,2.9013,-0.03047,0.11359,0.24394,0.16023,0.15742,0.32472,1767.75374,saglam
0.42501,1.44165,3.39203,2.82966,-0.17726,0.11653,0.24162,0.15732,0.15317,0.32952,1735.14979,saglam
0.44432,1.52981,3.44304,2.83025,0.02449,0.12133,0.24664,0.15546,0.15885,0.31721,1707.75227,saglam
0.55838,1.9045,3.41072,2.8969,0.10918,0.11572,0.22555,0.16271,0.15956,0.33604,1776.85219,saglam
0.4776,1.91974,4.01954,2.9383,0.15832,0.11352,0.2416,0.14693,0.15683,0.3411,1745.41786,saglam
0.38748,1.32566,3.42122,2.76944,-0.03826,0.11532,0.24351,0.16254,0.15334,0.32428,1754.56258,saglam
0.4906,1.64388,3.35078,2.92892,-0.13154,0.10142,0.24954,0.16003,0.16017,0.32832,1746.66618,saglam
0.67774,2.49226,3.6773,2.91573,-0.01942,0.11621,0.23767,0.16081,0.17115,0.31377,1708.9308,saglam
0.39308,1.3801,3.51099,2.81856,0.06017,0.10743,0.23122,0.1675,0.16798,0.32351,1787.3369,saglam
0.68672,2.33112,3.39459,2.6937,0.035,0.11678,0.23901,0.16065,0.16575,0.31743,1771.50762,saglam
0.44009,1.5061,3.42225,2.86862,-0.06759,0.11005,0.2524,0.16392,0.15142,0.32197,1744.3347,saglam
0.50159,1.51045,3.01131,2.81504,0.12287,0.10613,0.23926,0.1571,0.17426,0.323,1748.83828,saglam
0.60453,2.12318,3.51214,2.89624,0.2025,0.10501,0.23726,0.1669,0.15901,0.32985,1743.08141,saglam
0.55256,2.05899,3.72628,2.92632,0.19441,0.11232,0.24171,0.15765,0.15996,0.32801,1759.3617,saglam
0.4293,1.46953,3.42312,2.90927,0.06569,0.1067,0.24155,0.1645,0.16513,0.3218,1771.75115,saglam
0.56243,1.92443,3.42165,2.80776,0.0133,0.12135,0.23177,0.16166,0.16413,0.32046,1700.81116,saglam
0.44443,1.67262,3.76351,2.80357,0.16374,0.11229,0.24045,0.17134,0.15627,0.31886,1727.24637,saglam
0.50286,1.70541,3.39145,2.87432,0.00816,0.11441,0.2354,0.16047,0.16467,0.32462,1716.56303,saglam
0.47473,1.63959,3.45372,2.85834,0.02947,0.10709,0.22954,0.17358,0.16592,0.32318,1783.12671,saglam
0.49059,1.67084,3.40578,2.90481,-0.04611,0.11269,0.23873,0.15965,0.15562,0.33118,1778.23489,saglam
0.50348,1.68497,3.34668,2.80303,-0.11994,0.12355,0.24768,0.16181,0.1525,0.31419,1700.90177,saglam
0.3919,1.24418,3.17471,2.80051,0.14778,0.10298,0.24972,0.16926,0.16379,0.31416,1771.32981,saglam
0.64661,2.36817,3.66245,2.74934,-0.01295,0.10725,0.25319,0.15153,0.16243,0.32548,1764.56926,saglam
0.62075,1.98424,3.19654,2.74202,-0.06782,0.11149,0.2314,0.15737,0.16951,0.33007,1749.87943,saglam
0.58883,1.93002,3.27772,2.93015,0.03455,0.10384,0.23886,0.16409,0.16123,0.33157,1759.08435,saglam
0.39537,1.3217,3.34293,2.95253,-0.06059,0.12,0.23096,0.1552,0.16415,0.32868,1711.89538,saglam
0.67389,2.1761,3.22916,2.93898,0.05763,0.10839,0.25142,0.15636,0.16549,0.31804,1788.50686,saglam
0.62433,2.2245,3.56302,3.01524,-0.0812,0.11572,0.24557,0.17069,0.14683,0.3204,1788.85445,saglam
0.65837,2.15257,3.26953,2.81527,-0.0004,0.12126,0.24008,0.14973,0.15963,0.32762,1734.02165,saglam
0.67088,2.31019,3.44353,2.92984,0.03906,0.12372,0.23782,0.15192,0.15547,0.33091,1703.24268,saglam
0.69037,2.38822,3.45933,2.87789,0.04644,0.11634,0.23872,0.15757,0.15694,0.32815,1737.4432,saglam
0.54801,1.92106,3.50549,2.77631,-0.06144,0.10682,0.24685,0.16458,0.15061,0.32988,1765.91447,saglam
0.49935,1.73986,3.48427,2.89002,0.11116,0.11461,0.23402,0.16418,0.16902,0.31727,1779.92105,saglam
0.64264,2.17304,3.3814,2.76933,-0.01225,0.11433,0.24617,0.16992,0.1667,0.30193,1710.26464,saglam
0.6588,2.09501,3.18005,2.85885,0.13352,0.11129,0.23688,0.15797,0.16663,0.32613,1767.73751,saglam
0.48468,1.54068,3.17878,2.76948,-0.05213,0.11189,0.24008,0.16611,0.15911,0.32222,1780.79956,saglam
0.50897,1.78446,3.50603,2.88469,-0.12541,0.11559,0.23542,0.1668,0.16337,0.3173,1730.98358,saglam
0.58641,1.9569,3.33708,2.89726,-0.13835,0.10976,0.23728,0.16988,0.14487,0.3358,1774.82233,saglam
0.53782,1.96147,3.64705,3.0539,-0.09795,0.10954,0.23757,0.16986,0.16454,0.31828,1790.09373,saglam
0.68593,2.56266,3.73606,2.85282,-0.06739,0.10578,0.23466,0.16659,0.1527,0.33912,1741.42497,saglam
0.4745,1.68969,3.56095,2.96937,0.05883,0.10417,0.24503,0.16248,0.16422,0.32356,1748.16492,saglam
0.55024,1.8462,3.35528,2.7593,-0.00272,0.10711,0.22852,0.16362,0.15779,0.34125,1761.7211,saglam
0.67393,2.32113,3.44418,2.93411,0.00462,0.10837,0.24269,0.16057,0.16385,0.32373,1711.87134,saglam
0.52189,1.90779,3.65556,2.98523,-0.14593,0.11519,0.23731,0.15539,0.16204,0.32981,1778.04379,saglam
0.41227,1.42293,3.45147,3.0074,-0.07121,0.1121,0.24526,0.16058,0.15919,0.32254,1758.14882,saglam
0.40997,1.3008,3.1729,2.78009,-0.08819,0.10371,0.24895,0.15963,0.16767,0.31977,1766.29594,saglam
0.62135,1.7924,2.88469,2.59233,0.07255,0.10537,0.24134,0.16288,0.16226,0.32611,1746.51484,saglam
0.5464,1.80095,3.29601,2.86469,-0.03595,0.11588,0.24764,0.14541,0.16581,0.32404,1794.68546,saglam
0.41683,1.72434,4.13676,2.98977,-0.01476,0.11184,0.241,0.15792,0.1622,0.32665,1747.34886,saglam
0.64943,2.54625,3.92077,2.80618,0.14058,0.11763,0.24045,0.15684,0.16057,0.32274,1700.29987,saglam
0.46824,1.42816,3.05006,2.88488,0.07529,0.11276,0.23493,0.16266,0.17112,0.31823,1774.79946,saglam
0.50713,1.70064,3.35345,2.75053,0.1024,0.10979,0.2446,0.15633,0.15796,0.33079,1761.1881,saglam
0.52037,1.78271,3.42587,2.81935,-0.16331,0.11633,0.24021,0.16582,0.15726,0.31908,1790.0029,saglam
0.77155,2.96992,3.8493,3.41365,0.1626,0.10402,0.20186,0.17428,0.21936,0.29863,1790.39281,ic_bilezik
0.76735,4.09714,5.33933,4.23295,0.37649,0.09866,0.20892,0.16748,0.2396,0.2842,1743.54309,ic_bilezik
0.42334,1.557,3.67792,2.98595,0.02005,0.10483,0.22944,0.15742,0.18421,0.32379,1775.96462,ic_bilezik
0.64651,2.33866,3.61738,2.97771,0.05889,0.10458,0.22451,0.16292,0.18828,0.31885,1793.91225,ic_bilezik
0.49701,2.45679,4.94314,3.93802,0.34868,0.0987,0.20894,0.16143,0.237,0.29145,1782.56884,ic_bilezik
0.59148,2.7432,4.63785,4.33472,-0.11727,0.08969,0.20592,0.17326,0.25094,0.27828,1785.24313,ic_bilezik
0.52575,2.34801,4.46605,3.76771,-0.01532,0.09962,0.22006,0.18002,0.21789,0.28123,1744.61018,ic_bilezik
0.61452,2.72896,4.44078,3.64474,0.01821,0.10338,0.21301,0.16698,0.21574,0.29954,1717.89797,ic_bilezik
0.82392,3.50178,4.25013,3.92021,0.31985,0.08793,0.19699,0.17492,0.25412,0.28558,1759.07289,ic_bilezik
0.50275,1.78552,3.55148,3.03869,0.08379,0.10296,0.22937,0.16458,0.18591,0.31614,1739.58726,ic_bilezik
0.553,2.20886,3.9943,2.96686,0.08674,0.11076,0.23335,0.16809,0.17446,0.31323,1750.85979,ic_bilezik
0.70482,2.98791,4.23927,4.23303,-0.02213,0.09083,0.2016,0.17723,0.23328,0.2958,1753.06085,ic_bilezik
0.76301,3.47372,4.55264,4.02383,0.13577,0.08993,0.2067,0.1803,0.23891,0.28183,1792.30606,ic_bilezik
0.44328,1.65806,3.74045,3.16022,0.00948,0.1032,0.22906,0.16719,0.18607,0.31355,1745.98241,ic_bilezik
0.61257,2.29096,3.7399,3.12826,0.11691,0.09999,0.21798,0.15964,0.20273,0.31899,1752.70208,ic_bilezik
0.64966,2.96309,4.56097,4.25447,0.02388,0.09077,0.20719,0.17534,0.24,0.28581,1757.30461,ic_bilezik
0.67161,2.47839,3.69023,3.6928,-0.05585,0.0961,0.21858,0.1633,0.22695,0.29399,1757.61198,ic_bilezik
0.71606,3.31969,4.63605,3.80934,0.32687,0.0925,0.21729,0.17376,0.21964,0.29644,1754.05062,ic_bilezik
0.51525,1.9502,3.78498,3.42791,0.13178,0.0997,0.21003,0.16711,0.2135,0.30963,1751.8033,ic_bilezik
0.44779,1.45047,3.2392,2.82979,-0.05044,0.10675,0.22864,0.16459,0.18095,0.31901,1765.11202,ic_bilezik
0.58541,2.25775,3.85669,3.30345,0.23686,0.10282,0.21322,0.1572,0.23512,0.29022,1732.61115,ic_bilezik
0.47766,1.75529,3.67476,3.05839,0.02785,0.09634,0.2376,0.16469,0.18504,0.31547,1748.02594,ic_bilezik
0.57565,2.64159,4.58885,3.38747,-0.0485,0.09657,0.21015,0.175,0.21554,0.30027,1777.04338,ic_bilezik
0.65707,2.30103,3.50195,2.81624,-0.0362,0.10788,0.24233,0.15924,0.18039,0.31003,1742.31201,ic_bilezik
0.74204,3.1736,4.27688,3.72565,0.15738,0.09724,0.2126,0.18951,0.22087,0.27853,1740.94324,ic_bilezik
0.7817,3.45539,4.42035,3.96326,0.15917,0.08963,0.21946,0.17856,0.22591,0.28579,1755.43827,ic_bilezik
0.54364,1.83001,3.36623,2.96613,-0.01036,0.1083,0.22459,0.16022,0.181,0.325,1779.0515,ic_bilezik
0.541,2.07956,3.84391,2.97221,-0.12951,0.10154,0.23807,0.16569,0.1904,0.30247,1742.04869,ic_bilezik
0.68795,2.68309,3.90012,3.28329,0.03173,0.10049,0.23384,0.16155,0.20014,0.30383,1725.72179,ic_bilezik
0.55977,2.76771,4.94435,4.31462,0.44158,0.08831,0.19473,0.17705,0.25836,0.28127,1722.96068,ic_bilezik
0.47218,1.66711,3.5307,2.93026,0.1618,0.09621,0.22534,0.16524,0.19988,0.31014,1791.43101,ic_bilezik
0.80587,3.50871,4.35394,3.68434,0.18315,0.08988,0.21379,0.17647,0.22692,0.29089,1786.35766,ic_bilezik
0.78939,3.7312,4.7267,4.01197,0.25989,0.10221,0.21183,0.16912,0.23655,0.2775,1799.64133,ic_bilezik
0.78549,3.22181,4.10164,3.95461,0.12708,0.09391,0.21028,0.17496,0.22894,0.29099,1723.90082,ic_bilezik
0.74903,2.68216,3.58084,3.17721,0.07058,0.10017,0.22602,0.15635,0.19308,0.32226,1783.75266,ic_bilezik
0.70627,2.47121,3.49895,3.06948,0.08399,0.10458,0.22312,0.16655,0.19664,0.30849,1782.86108,ic_bilezik
0.61198,2.89088,4.72384,3.88966,0.1968,0.10522,0.22793,0.16983,0.20261,0.29321,1722.19827,ic_bilezik
0.51879,2.14005,4.12506,3.10031,-0.00753,0.11113,0.23568,0.16195,0.1798,0.31048,1718.74427,ic_bilezik
0.80761,4.0736,5.04401,4.65013,0.30235,0.09583,0.18801,0.17213,0.24973,0.29237,1796.36311,ic_bilezik
0.49465,1.60634,3.24744,3.12783,-0.14203,0.09975,0.22103,0.16617,0.22272,0.28772,1789.18878,ic_bilezik
0.68338,3.30514,4.83646,3.75662,0.12322,0.08935,0.21058,0.17214,0.24297,0.28487,1737.06595,ic_bilezik
0.63806,2.93535,4.60042,2.95973,-0.16388,0.10516,0.22831,0.16982,0.18699,0.3096,1756.11858,ic_bilezik
0.58381,2.87557,4.92549,3.61579,-0.04305,0.10709,0.21207,0.16081,0.22243,0.2967,1716.86204,ic_bilezik
0.70381,3.24452,4.60993,3.39071,0.18444,0.10794,0.21413,0.17005,0.20935,0.29786,1733.92179,ic_bilezik
0.56284,2.37381,4.21759,3.05321,0.25537,0.12061,0.23982,0.16362,0.17001,0.30588,1730.33019,ic_bilezik
0.58676,2.40356,4.09636,3.61335,0.06631,0.10094,0.19655,0.15632,0.24521,0.29885,1702.04423,ic_bilezik
0.4204,1.54105,3.66565,3.09359,0.08191,0.10706,0.2267,0.16821,0.17366,0.32406,1780.09925,ic_bilezik
0.79326,3.14478,3.96437,3.673,0.0139,0.09582,0.21243,0.17057,0.22888,0.29176,1716.02917,ic_bilezik
0.66323,2.63333,3.97049,3.86729,0.02288,0.09436,0.20113,0.17062,0.24525,0.28678,1748.55747,ic_bilezik
0.6895,2.48473,3.60369,3.10662,0.02348,0.10274,0.22379,0.16029,0.20599,0.30603,1729.22528,ic_bilezik
0.48183,2.01996,4.19229,3.72055,0.11181,0.09954,0.21408,0.16704,0.23773,0.2796,1787.75548,ic_bilezik
0.67769,2.49353,3.67947,3.00945,-0.0619,0.10577,0.23012,0.1663,0.18064,0.31603,1757.93795,ic_bilezik
0.47517,2.05113,4.31661,3.17834,0.19512,0.10511,0.22577,0.1655,0.1965,0.30645,1746.34024,ic_bilezik
0.62952,2.39868,3.8103,3.27894,0.03411,0.0963,0.22345,0.16989,0.21153,0.29768,1758.20266,ic_bilezik
0.47313,1.96486,4.15287,3.49726,0.28123,0.09901,0.21379,0.16644,0.22324,0.29646,1782.11103,ic_bilezik
0.53805,1.81386,3.37117,2.92731,0.05011,0.10645,0.21937,0.16773,0.19596,0.30927,1771.84163,ic_bilezik
0.632,2.87721,4.55254,3.05794,0.08827,0.10416,0.22524,0.16197,0.19656,0.31145,1749.96923,ic_bilezik
0.41317,1.56724,3.79319,3.03973,0.00084,0.10722,0.23395,0.15668,0.18524,0.31561,1746.45636,ic_bilezik
0.64314,2.34595,3.64763,3.06561,0.07438,0.11988,0.21816,0.17046,0.1966,0.29416,1716.48091,ic_bilezik
0.70747,2.81807,3.9833,3.23278,0.01341,0.10351,0.21669,0.18183,0.19896,0.29886,1724.97472,ic_bilezik
0.54508,2.74749,5.04057,4.21558,0.0707,0.08561,0.20428,0.1773,0.24287,0.2885,1766.30051,ic_bilezik
0.40104,1.55218,3.87036,2.83431,-0.17539,0.11633,0.22503,0.1588,0.18807,0.31139,1795.34584,ic_bilezik
0.4372,1.85572,4.24453,3.33054,0.19227,0.09986,0.20851,0.17023,0.21124,0.308,1740.37875,ic_bilezik
0.58249,2.25461,3.87063,2.99477,0.00389,0.11521,0.23268,0.16144,0.19359,0.29512,1737.59554,ic_bilezik
0.78672,3.72122,4.73001,3.62465,0.30645,0.094,0.22832,0.18171,0.21424,0.28021,1748.70887,ic_bilezik
0.62785,2.45834,3.91552,3.69522,0.07755,0.08939,0.20372,0.16957,0.25424,0.2818,1767.64979,ic_bilezik
0.79846,4.41953,5.53505,4.76297,0.33784,0.094,0.20529,0.17575,0.24858,0.27385,1788.45024,ic_bilezik
0.7859,3.43715,4.37351,3.52685,0.20605,0.10318,0.2067,0.17512,0.22934,0.285,1710.496,ic_bilezik
0.45029,1.45459,3.23036,2.7035,0.0395,0.10816,0.22296,0.1705,0.17737,0.31994,1765.77215,ic_bilezik
0.45894,1.79897,3.91985,3.43767,0.11384,0.09586,0.21703,0.16331,0.21778,0.30423,1725.99456,ic_bilezik
0.6877,3.11435,4.52862,3.24887,-0.10199,0.09988,0.23027,0.16816,0.197,0.30458,1719.53449,ic_bilezik
0.54845,2.34766,4.28053,3.74795,-0.0825,0.10009,0.19929,0.17449,0.24058,0.28494,1710.49233,ic_bilezik
0.70993,3.75672,5.29169,4.65536,0.44749,0.09507,0.20367,0.16371,0.23671,0.30042,1755.24164,ic_bilezik
0.58049,1.87375,3.22786,2.91239,0.04744,0.10444,0.22488,0.17165,0.18995,0.30865,1753.52794,ic_bilezik
0.73045,3.95114,5.40917,4.73788,0.45296,0.08659,0.19637,0.17182,0.24922,0.29379,1794.01348,ic_bilezik
0.67575,2.39341,3.54186,3.06715,-0.02408,0.10857,0.22124,0.17413,0.19353,0.3016,1708.74851,ic_bilezik
0.63398,2.78177,4.38778,3.20918,0.22482,0.09565,0.23123,0.16525,0.19847,0.30937,1773.32961,ic_bilezik
0.72655,2.94633,4.05521,3.14642,-0.04073,0.10983,0.21137,0.17312,0.19939,0.30431,1783.47426,ic_bilezik
0.71069,3.82849,5.38699,4.05502,0.27888,0.10112,0.21815,0.16092,0.23628,0.28221,1738.8299,ic_bilezik
0.59664,2.04095,3.42077,2.78586,0.15574,0.11755,0.2292,0.16149,0.17765,0.31374,1708.48284,ic_bilezik
0.79857,3.10525,3.88854,3.39024,-0.04067,0.0941,0.21466,0.17102,0.2128,0.30563,1737.61602,ic_bilezik
0.59881,2.18738,3.65288,3.02867,0.11912,0.10325,0.20888,0.16161,0.20898,0.31637,1730.79191,ic_bilezik
0.5246,1.86802,3.56083,3.16717,0.12274,0.10189,0.22427,0.16606,0.2178,0.28972,1723.49008,ic_bilezik
0.7722,3.4891,4.5184,4.15488,0.2469,0.09629,0.20821,0.16475,0.24265,0.28725,1774.61862,ic_bilezik
0.77282,3.47086,4.49114,3.62917,0.27779,0.09723,0.20509,0.17284,0.23294,0.29176,1780.11951,ic_bilezik
0.6338,2.38999,3.7709,3.08066,0.05608,0.10864,0.24442,0.16673,0.17485,0.30475,1731.04152,ic_bilezik
0.67256,3.48197,5.1772,3.66738,-0.01169,0.10499,0.20841,0.17158,0.21356,0.30002,1703.6399,ic_bilezik
0.75213,3.52783,4.69042,3.46347,0.05154,0.09443,0.21893,0.17693,0.21033,0.29691,1780.00541,ic_bilezik
0.52086,2.24564,4.31144,3.23929,0.16172,0.10401,0.23027,0.15865,0.20407,0.30196,1705.18931,ic_bilezik
0.50397,2.11794,4.2025,3.88146,0.17273,0.08693,0.19575,0.17185,0.25719,0.28682,1731.34332,ic_bilezik
0.80454,3.3497,4.16352,4.01228,0.04891,0.09387,0.20573,0.16768,0.24727,0.28469,1728.30585,ic_bilezik
0.38246,1.29066,3.37464,2.94475,0.1083,0.11226,0.23528,0.1591,0.17614,0.31596,1729.6171,ic_bilezik
0.55783,2.17486,3.89877,2.89023,-0.02753,0.10718,0.23482,0.16498,0.17028,0.32188,1776.35492,ic_bilezik
0.87307,3.74374,4.288,4.21496,0.08961,0.0964,0.20545,0.16091,0.25681,0.27975,1784.18837,ic_bilezik
0.46311,1.79415,3.87416,3.04734,-0.10295,0.09876,0.23266,0.1735,0.19009,0.30466,1720.46485,ic_bilezik
0.66539,2.04096,3.06733,2.86756,-0.02854,0.10603,0.22362,0.15358,0.1919,0.32452,1772.44346,ic_bilezik
0.54166,2.39434,4.42039,3.24195,-0.05761,0.09977,0.22907,0.15845,0.22385,0.28764,1785.88734,ic_bilezik
0.79487,3.14086,3.95142,3.5959,0.07309,0.08974,0.2096,0.17335,0.24595,0.28129,1787.36595,ic_bilezik
0.6926,2.64204,3.81465,3.1398,0.03678,0.09475,0.22134,0.18021,0.20307,0.30026,1756.50573,ic_bilezik
0.564,1.96453,3.48323,2.97371,0.02456,0.10698,0.22566,0.17052,0.19129,0.30479,1797.40522,ic_bilezik
0.88973,3.91886,4.40453,4.14788,0.13372,0.09202,0.20648,0.17614,0.25025,0.2748,1708.86076,ic_bilezik
0.61153,2.46534,4.03145,3.19112,0.09102,0.10163,0.22102,0.1658,0.19189,0.31766,1774.42703,ic_bilezik
0.54597,2.18522,4.00249,3.11539,0.13416,0.10632,0.22111,0.16318,0.20277,0.30608,1759.81292,ic_bilezik
0.62292,2.63247,4.22603,3.03389,0.08496,0.10203,0.24391,0.168,0.17813,0.30684,1746.40326,ic_bilezik
0.54895,1.78915,3.25925,2.83224,0.00666,0.10237,0.2265,0.17631,0.1814,0.31293,1733.03153,ic_bilezik
0.78504,3.38353,4.31,3.50735,0.16124,0.09475,0.21609,0.17051,0.22271,0.29541,1770.44529,ic_bilezik
0.80934,3.69184,4.56155,3.92208,0.06742,0.09059,0.21641,0.16932,0.23419,0.28816,1745.2829,ic_bilezik
0.48262,2.90212,6.01325,4.59137,0.3682,0.09105,0.21414,0.1736,0.23054,0.2904,1751.7526,ic_bilezik
0.79316,3.35751,4.23311,4.17879,0.24672,0.09632,0.20503,0.17977,0.23226,0.28635,1761.87425,ic_bilezik
0.69906,2.35839,3.37369,2.95866,-0.13716,0.109,0.24064,0.15592,0.19401,0.29992,1787.91249,ic_bilezik
0.71733,3.19924,4.45995,3.85506,0.15417,0.10228,0.22474,0.15492,0.22014,0.29634,1748.01678,ic_bilezik
0.72923,2.79903,3.83834,3.18821,-0.00399,0.11018,0.22844,0.17019,0.19076,0.30026,1732.53307,ic_bilezik
0.69089,2.59447,3.75526,3.22473,-0.12414,0.11217,0.22505,0.17709,0.18846,0.29628,1795.65934,ic_bilezik
0.61133,2.37759,3.88918,2.95863,0.04541,0.1207,0.22896,0.16374,0.16851,0.31778,1771.34183,ic_bilezik
0.75574,2.80172,3.70728,3.31858,0.07148,0.09556,0.22604,0.16394,0.21983,0.29459,1798.80013,ic_bilezik
0.54486,1.83433,3.36659,3.20318,0.11513,0.09706,0.22359,0.14598,0.22128,0.31154,1792.03891,ic_bilezik
0.66054,2.39579,3.62704,3.11131,0.00199,0.11168,0.21488,0.15837,0.20168,0.31281,1714.47483,ic_bilezik
0.5554,2.21702,3.99172,3.49694,-0.03221,0.09561,0.22114,0.17405,0.21624,0.29238,1775.60923,ic_bilezik
0.53876,2.27601,4.22455,2.96582,0.0113,0.12261,0.22991,0.15237,0.18655,0.30759,1708.41591,ic_bilezik
0.67763,2.24627,3.31491,2.87702,0.19093,0.10577,0.23309,0.16516,0.17742,0.31819,1780.29461,ic_bilezik
0.67528,2.30471,3.41296,2.85852,0.02561,0.10276,0.229,0.18113,0.17637,0.30895,1785.3982,dis_bilezik
0.5231,2.32594,4.44642,3.84368,-0.14427,0.0934,0.21323,0.23116,0.17961,0.28245,1730.90226,dis_bilezik
0.72405,2.3571,3.25544,2.91658,0.00077,0.10835,0.2313,0.18857,0.17191,0.29987,1772.75043,dis_bilezik
0.55567,2.13534,3.84284,3.10455,0.03789,0.10407,0.22007,0.18227,0.17578,0.31734,1752.84863,dis_bilezik
0.73047,3.14621,4.30713,4.0202,-0.0854,0.09659,0.21677,0.22084,0.19934,0.2658,1752.53051,dis_bilezik
0.62208,2.33282,3.75002,3.0884,0.18179,0.09942,0.23377,0.19698,0.16758,0.30158,1728.49225,dis_bilezik
0.4956,1.85353,3.74001,2.97965,-0.04697,0.09943,0.23229,0.16828,0.17484,0.32426,1774.61655,dis_bilezik
0.47118,1.86788,3.96425,3.21438,-0.10052,0.10903,0.23672,0.18244,0.16942,0.30078,1703.51448,dis_bilezik
0.53692,2.11182,3.93323,4.11482,0.29678,0.09128,0.19902,0.23511,0.19638,0.27726,1775.49796,dis_bilezik
0.69091,3.34963,4.84815,3.75467,0.11649,0.0935,0.22228,0.2133,0.18502,0.28401,1741.33571,dis_bilezik
0.40367,1.61375,3.9977,3.01896,-0.00346,0.09559,0.24303,0.1901,0.16749,0.30288,1732.93084,dis_bilezik
0.54139,1.89379,3.49803,2.94576,-0.02778,0.09806,0.24526,0.1807,0.16693,0.3082,1747.95546,dis_bilezik
0.60571,2.54681,4.20466,3.50191,0.11844,0.09882,0.21379,0.22357,0.17441,0.28917,1730.25406,dis_bilezik
0.50182,1.65754,3.30303,2.85311,0.05865,0.11159,0.22984,0.16226,0.17443,0.32103,1708.28057,dis_bilezik
0.81816,4.08447,4.99228,4.3577,0.307,0.10261,0.20954,0.23198,0.18578,0.26932,1701.02632,dis_bilezik
0.77579,3.44508,4.44071,3.55677,0.10183,0.10304,0.21659,0.22064,0.16537,0.29423,1711.72156,dis_bilezik
0.67537,2.66574,3.9471,3.09339,-0.05703,0.10082,0.23663,0.19075,0.18356,0.28811,1739.61786,dis_bilezik
0.73729,3.53803,4.7987,4.09032,0.38197,0.10108,0.21922,0.21797,0.1827,0.27825,1705.88125,dis_bilezik
0.45191,1.96734,4.35343,3.28444,0.18644,0.1136,0.22757,0.19059,0.17333,0.29453,1701.72675,dis_bilezik
0.61251,2.09978,3.42813,2.89226,0.06526,0.11092,0.22717,0.16898,0.15884,0.33158,1716.83106,dis_bilezik
0.40547,1.55365,3.83176,3.2453,0.09891,0.11364,0.22028,0.17872,0.18105,0.30627,1776.60651,dis_bilezik
0.79694,3.04965,3.8267,3.35631,-0.04537,0.10662,0.20921,0.20411,0.19449,0.2853,1710.683,dis_bilezik
0.51622,2.02645,3.92555,3.07819,0.04711,0.10397,0.23794,0.17629,0.16412,0.31707,1765.73978,dis_bilezik
0.8008,3.52844,4.40612,3.81016,0.02034,0.10106,0.20834,0.2211,0.17974,0.28907,1795.05991,dis_bilezik
0.62311,2.52003,4.04426,3.66082,-0.09291,0.10076,0.21149,0.18762,0.21325,0.28548,1763.46746,dis_bilezik
0.71702,3.69805,5.1575,4.31407,0.06453,0.09965,0.20495,0.21966,0.21136,0.26369,1710.89574,dis_bilezik
0.56676,2.40342,4.24063,3.53994,-0.10141,0.09208,0.21621,0.22176,0.18756,0.28201,1741.23241,dis_bilezik
0.61465,2.90448,4.7254,4.25865,0.03376,0.09577,0.19882,0.2221,0.19386,0.28818,1756.18615,dis_bilezik
0.70109,2.39717,3.4192,2.91072,0.06026,0.10854,0.24062,0.16907,0.16822,0.31233,1766.99813,dis_bilezik
0.55561,2.40233,4.32376,3.5116,0.00922,0.10325,0.21638,0.20776,0.18375,0.28737,1775.98128,dis_bilezik
0.58975,2.9613,5.02126,3.85257,0.21985,0.09794,0.2109,0.21204,0.19292,0.28432,1727.02139,dis_bilezik
0.6292,2.11115,3.35528,2.88509,-0.16497,0.09985,0.2415,0.18024,0.161,0.31611,1763.86144,dis_bilezik
0.55368,1.68224,3.0383,2.75795,-0.08635,0.11024,0.23207,0.17985,0.15713,0.32016,1739.893,dis_bilezik
0.66571,2.61806,3.93271,3.1078,0.07932,0.11549,0.22939,0.18434,0.18522,0.28455,1798.24078,dis_bilezik
0.63679,2.50724,3.93732,3.20679,-0.03505,0.1002,0.21465,0.20442,0.18622,0.29427,1735.97202,dis_bilezik
0.83219,4.64999,5.58765,4.88826,0.43291,0.09356,0.20452,0.22471,0.20902,0.26797,1743.30454,dis_bilezik
0.67659,2.61671,3.86751,3.08432,0.08856,0.10512,0.23296,0.17857,0.17443,0.30828,1755.09235,dis_bilezik
0.55526,1.96609,3.54082,2.92715,0.08348,0.10538,0.2406,0.17206,0.16781,0.31303,1755.48916,dis_bilezik
0.62439,2.19327,3.51266,2.92931,0.04118,0.1058,0.23499,0.19029,0.17197,0.29648,1758.96861,dis_bilezik
0.47774,2.2201,4.64711,4.07406,0.04268,0.09808,0.21854,0.22392,0.18703,0.27139,1793.15103,dis_bilezik
0.49686,1.95688,3.93847,3.55003,-0.13909,0.09619,0.22747,0.19485,0.19086,0.29035,1757.90578,dis_bilezik
0.82066,3.88642,4.7357,4.31034,0.27995,0.09608,0.20559,0.19292,0.22759,0.27724,1762.10944,dis_bilezik
0.69932,2.87893,4.11673,3.02049,-0.08023,0.11964,0.22541,0.17044,0.16737,0.31688,1704.99262,dis_bilezik
0.57918,2.02795,3.50143,2.95048,-0.02388,0.1064,0.24129,0.16861,0.17324,0.31019,1736.14997,dis_bilezik
0.54883,2.27223,4.14015,3.16297,-0.07157,0.09783,0.2303,0.17842,0.1753,0.31813,1769.28603,dis_bilezik
0.69605,2.33869,3.35995,2.92456,0.16352,0.10373,0.2408,0.16508,0.16803,0.3214,1757.20744,dis_bilezik
0.56934,2.01249,3.53479,2.88437,-0.00862,0.11172,0.2321,0.18937,0.1645,0.3017,1756.72169,dis_bilezik
0.52345,1.77518,3.39133,3.07387,0.03663,0.10624,0.23401,0.18856,0.16913,0.30105,1757.98536,dis_bilezik
0.52714,2.01082,3.81456,3.26219,-0.12591,0.09636,0.21917,0.19724,0.18378,0.30275,1724.05815,dis_bilezik
0.62314,2.03992,3.27359,2.8627,-0.06059,0.11083,0.22888,0.18687,0.1735,0.29937,1734.29678,dis_bilezik
0.6637,3.08747,4.65189,4.34124,-0.07135,0.09732,0.20311,0.21457,0.20385,0.28062,1785.30616,dis_bilezik
0.52482,2.30698,4.39573,3.61279,0.11706,0.10553,0.22699,0.20495,0.18181,0.27939,1790.43509,dis_bilezik
0.83736,4.29077,5.12414,4.62858,0.24004,0.09241,0.21736,0.23471,0.19119,0.26406,1736.31278,dis_bilezik
0.71029,3.64465,5.13125,3.95535,-0.03321,0.09573,0.21328,0.20012,0.20043,0.28896,1719.51662,dis_bilezik
0.59612,2.08321,3.49459,2.99566,-0.15173,0.10719,0.2143,0.17339,0.17136,0.33281,1721.80783,dis_bilezik
0.47647,1.88714,3.96064,3.4237,0.06185,0.10859,0.2136,0.1954,0.17547,0.30674,1736.6675,dis_bilezik
0.6067,2.38137,3.92515,3.05931,0.10008,0.10689,0.23732,0.17389,0.18043,0.30145,1724.75797,dis_bilezik
0.60452,2.47115,4.08775,2.86169,-0.06083,0.10936,0.24443,0.17709,0.1649,0.30353,1748.56625,dis_bilezik
0.62657,2.77008,4.42099,3.10947,-0.0426,0.10966,0.2299,0.18975,0.16708,0.30217,1712.87661,dis_bilezik
0.61553,2.18668,3.55254,3.07252,-0.01759,0.10455,0.22844,0.18805,0.17202,0.30432,1772.80484,dis_bilezik
0.43271,1.74959,4.04336,3.20946,-0.07478,0.10135,0.22597,0.17499,0.17843,0.31627,1751.9057,dis_bilezik
0.76162,2.9284,3.84498,3.37733,-0.02293,0.09364,0.20942,0.20841,0.19676,0.29157,1726.11932,dis_bilezik
0.74286,3.20513,4.31456,3.42317,0.11203,0.10004,0.21135,0.20295,0.18663,0.29794,1727.12633,dis_bilezik
0.71784,2.85667,3.97952,3.17827,-0.09944,0.10141,0.23608,0.20154,0.16232,0.29793,1723.30221,dis_bilezik
0.61288,2.85874,4.66448,3.75141,0.18592,0.09905,0.2173,0.20522,0.19344,0.28488,1705.76709,dis_bilezik
0.43096,1.84079,4.27141,3.50783,0.26798,0.10011,0.22549,0.1782,0.20233,0.29271,1733.72488,dis_bilezik
0.57641,2.37528,4.1208,3.21829,-0.11588,0.10028,0.22108,0.18792,0.19221,0.29851,1782.35035,dis_bilezik
0.53132,1.88444,3.5467,2.9323,0.1298,0.11011,0.23386,0.17724,0.17574,0.30304,1797.69742,dis_bilezik
0.47649,2.046,4.29385,3.46346,0.12636,0.10201,0.21806,0.20672,0.17355,0.29935,1793.0756,dis_bilezik
0.60443,2.15094,3.55861,2.85294,0.02447,0.10154,0.24222,0.1703,0.17521,0.30975,1751.65906,dis_bilezik
0.42124,1.68094,3.99043,3.3908,0.01236,0.09751,0.22086,0.1898,0.1845,0.3061,1750.04166,dis_bilezik
0.65817,2.31535,3.51788,3.00189,0.11616,0.11405,0.22456,0.17373,0.17694,0.31019,1734.84771,dis_bilezik
0.70595,2.8171,3.9905,2.96665,-0.12463,0.11033,0.22915,0.19259,0.18014,0.28678,1712.29038,dis_bilezik
0.47095,1.64207,3.4867,2.85159,-0.00568,0.10952,0.22174,0.18451,0.17466,0.30881,1742.73362,dis_bilezik
0.46215,1.92396,4.16303,3.24579,0.07373,0.10275,0.22303,0.20934,0.17781,0.28558,1791.3996,dis_bilezik
0.59551,2.37778,3.99287,3.50069,0.19751,0.09622,0.21832,0.22199,0.16491,0.29834,1780.04094,dis_bilezik
0.57161,2.43394,4.25803,3.28554,0.26905,0.10847,0.22705,0.17981,0.18338,0.30082,1733.50576,dis_bilezik
0.61541,2.09418,3.40288,2.83132,-0.05064,0.11309,0.23081,0.17913,0.16614,0.30984,1797.58375,dis_bilezik
0.57234,3.22906,5.64182,5.06028,0.52726,0.08852,0.20552,0.23052,0.19593,0.27933,1787.41234,dis_bilezik
0.63136,2.91591,4.61843,4.46632,0.2575,0.09477,0.2035,0.22357,0.19535,0.2814,1784.91299,dis_bilezik
0.53791,2.85395,5.30567,4.47253,0.2116,0.09522,0.20875,0.20762,0.19637,0.29155,1726.67178,dis_bilezik
0.66787,2.26576,3.39252,2.78661,-0.04547,0.10076,0.23278,0.17361,0.17896,0.31288,1742.49346,dis_bilezik
0.55611,2.36435,4.25161,3.23331,0.09581,0.10552,0.21928,0.20469,0.1761,0.2925,1706.74116,dis_bilezik
0.53219,2.02672,3.80829,3.26632,0.09049,0.12064,0.22367,0.17954,0.17184,0.30354,1704.98737,dis_bilezik
0.67707,3.19823,4.72365,4.28481,0.01759,0.1002,0.20242,0.22713,0.19076,0.27942,1702.82148,dis_bilezik
0.71965,3.10012,4.30779,3.47304,-0.05918,0.10089,0.21279,0.2024,0.19619,0.2868,1734.59065,dis_bilezik
0.44488,1.69463,3.80919,2.96501,0.00732,0.11119,0.23401,0.17961,0.16528,0.30888,1791.78231,dis_bilezik
0.50017,2.16818,4.33493,3.57972,-0.12524,0.09833,0.23488,0.19824,0.17496,0.29328,1784.06933,dis_bilezik
0.43313,1.41925,3.27671,3.01982,-0.0717,0.10938,0.22438,0.18342,0.17101,0.31066,1724.26195,dis_bilezik
0.71973,2.95157,4.10092,3.61749,-0.03677,0.10582,0.21788,0.19696,0.1904,0.28799,1718.3965,dis_bilezik
0.45346,1.99631,4.40238,3.18613,0.07048,0.10294,0.22451,0.18822,0.1703,0.31291,1760.80448,dis_bilezik
0.46338,1.98175,4.2767,3.56034,0.06126,0.09845,0.2213,0.19469,0.18662,0.29677,1778.98617,dis_bilezik
0.63563,2.9037,4.56822,3.126,-0.09976,0.09421,0.21782,0.20205,0.18597,0.29974,1753.26354,dis_bilezik
0.73819,3.1086,4.21109,3.23202,0.1229,0.10793,0.23379,0.20445,0.15862,0.29486,1795.78911,dis_bilezik
0.69975,3.03511,4.33741,3.84574,0.20515,0.09321,0.21223,0.21143,0.19741,0.28513,1774.33778,dis_bilezik
0.60821,2.37443,3.90396,3.1625,-0.08417,0.11433,0.23402,0.17639,0.17171,0.30264,1725.60107,dis_bilezik
0.65667,3.12959,4.76586,3.29854,0.02906,0.1007,0.21352,0.19904,0.19111,0.29445,1793.38776,dis_bilezik
0.6091,2.0775,3.41078,3.00918,-0.05795,0.1048,0.24234,0.18807,0.15178,0.31217,1730.64764,dis_bilezik
0.42626,1.98689,4.66116,3.37967,0.17481,0.10236,0.21586,0.1889,0.19197,0.30073,1798.86271,dis_bilezik
0.6813,2.3938,3.51358,3.28859,-0.11444,0.10769,0.2164,0.19451,0.19168,0.28858,1722.22626,dis_bilezik
0.604,2.04831,3.39123,2.95686,-0.02272,0.10538,0.22282,0.19898,0.17914,0.29309,1739.9584,dis_bilezik
0.65261,2.37199,3.63461,3.28807,0.11216,0.10294,0.22634,0.1762,0.19198,0.30205,1763.73785,dis_bilezik
0.63237,2.23565,3.53537,2.94194,-0.01311,0.10381,0.24507,0.17948,0.16547,0.30464,1784.53937,dis_bilezik
0.68582,2.40976,3.5137,2.82471,-0.09407,0.11866,0.23684,0.17188,0.16909,0.30192,1772.97724,dis_bilezik
0.71998,3.76748,5.23276,3.65062,0.2186,0.10287,0.22173,0.20524,0.19047,0.27769,1719.16841,dis_bilezik
0.57345,2.40728,4.19785,3.21149,-0.04158,0.10994,0.22117,0.19491,0.17247,0.30078,1703.0053,dis_bilezik
0.56087,2.34241,4.17637,3.61171,0.11253,0.10071,0.22357,0.19479,0.19608,0.28322,1749.38412,dis_bilezik
0.83099,4.50622,5.42271,4.65411,0.45504,0.09444,0.20662,0.22693,0.19987,0.27048,1780.24513,dis_bilezik
0.75171,2.96982,3.95074,3.20325,-0.03607,0.10442,0.22026,0.19876,0.16418,0.31193,1711.03885,dis_bilezik
0.66972,2.71479,4.05361,3.19093,0.09632,0.11272,0.24139,0.16031,0.18475,0.29946,1702.97756,dis_bilezik
0.5416,1.82462,3.36895,2.85011,0.06834,0.10805,0.2305,0.17539,0.17199,0.31244,1773.47682,dis_bilezik
0.49121,2.22635,4.53236,3.79284,0.1254,0.10109,0.21456,0.22672,0.17932,0.27661,1759.57772,dis_bilezik
0.70185,2.85928,4.0739,3.93502,-0.08713,0.09366,0.20923,0.23891,0.18132,0.27587,1791.62561,dis_bilezik
0.68164,2.0994,3.07992,2.89982,-0.06065,0.10422,0.24,0.17863,0.15642,0.31954,1762.67494,dis_bilezik
0.76164,2.92102,3.83517,3.3968,0.09172,0.11101,0.21905,0.19796,0.17759,0.29354,1724.02341,dis_bilezik
0.56861,1.82535,3.21021,2.89452,0.03468,0.10723,0.23525,0.17317,0.16833,0.31541,1768.99348,dis_bilezik
0.62391,2.04888,3.28392,2.86146,0.0226,0.10076,0.23067,0.17278,0.17616,0.31895,1725.11351,dis_bilezik
0.5244,1.72505,3.28959,2.75792,0.10055,0.11519,0.23244,0.1727,0.16727,0.31121,1718.92689,dis_bilezik
0.6136,2.9026,4.73043,4.08242,-0.00844,0.09576,0.21609,0.20264,0.20741,0.27761,1768.16038,dis_bilezik
0.62831,2.98271,4.74719,4.23124,0.13903,0.09171,0.20662,0.21321,0.19711,0.28903,1738.24952,dis_bilezik
0.7083,2.12736,3.00349,2.77602,-0.03082,0.1111,0.23319,0.15961,0.16895,0.32417,1712.75978,bilye
0.46001,2.27087,4.9366,3.91879,0.00924,0.09741,0.22735,0.15553,0.21687,0.30043,1771.39303,bilye
0.57284,2.07538,3.62298,3.01077,0.18772,0.10039,0.22924,0.14746,0.2134,0.30807,1795.4668,bilye
0.61312,3.30174,5.38517,4.00436,0.15605,0.09843,0.21351,0.1451,0.23453,0.30585,1767.66443,bilye
0.65758,2.11821,3.22122,2.8585,0.04771,0.1078,0.2399,0.1489,0.17224,0.33027,1755.32896,bilye
0.49661,1.83165,3.68831,3.19562,-0.00333,0.10004,0.22868,0.16402,0.20315,0.30355,1773.54896,bilye
0.70738,3.4462,4.87182,3.81599,0.20357,0.09657,0.21323,0.16221,0.22679,0.2997,1753.7749,bilye
0.44635,2.19827,4.92497,4.37738,0.4339,0.09395,0.20727,0.15781,0.24086,0.29831,1764.51637,bilye
0.54059,2.77245,5.12854,4.01892,0.37265,0.09684,0.21713,0.14738,0.22152,0.31553,1794.80244,bilye
0.43862,1.7887,4.07798,3.211,0.13742,0.09999,0.21447,0.15896,0.21407,0.31094,1729.5061,bilye
0.43104,1.37359,3.18666,2.86345,0.06993,0.1141,0.23661,0.15733,0.17696,0.31414,1781.43498,bilye
0.47619,1.76005,3.69608,2.99732,-0.03522,0.10109,0.23694,0.17139,0.16906,0.32079,1734.69995,bilye
0.69813,3.00567,4.30533,3.82222,0.1167,0.09113,0.20436,0.16303,0.23104,0.31007,1760.17531,bilye
0.43439,1.67528,3.85667,3.28677,-0.00066,0.09675,0.21718,0.15665,0.2161,0.31253,1743.78091,bilye
0.63711,2.9524,4.63403,3.93259,-0.05552,0.09372,0.20802,0.154,0.23111,0.31206,1730.9345,bilye
0.51996,1.78879,3.44026,2.95258,0.15013,0.11768,0.23779,0.15743,0.17518,0.31186,1722.63075,bilye
0.41816,1.47884,3.53658,3.06244,0.15033,0.10667,0.222,0.16219,0.18086,0.32683,1793.24706,bilye
0.58759,1.92478,3.27573,2.96333,-0.04361,0.11781,0.23517,0.16017,0.17456,0.31113,1720.32456,bilye
0.54163,2.41726,4.46295,3.70194,0.16606,0.10358,0.21726,0.15525,0.2098,0.31244,1719.66508,bilye
0.61778,2.75311,4.45645,3.91335,0.29743,0.09763,0.20852,0.15251,0.23312,0.30649,1754.64047,bilye
0.40598,1.46167,3.60036,2.76818,-0.07101,0.11167,0.23584,0.15321,0.17548,0.32343,1718.93735,bilye
0.61742,2.08506,3.37707,2.9487,-0.00408,0.10214,0.23119,0.15914,0.18461,0.3229,1742.77638,bilye
0.45388,2.13825,4.71107,3.87117,0.30917,0.09246,0.20901,0.15262,0.22169,0.32375,1780.18929,bilye
0.50807,2.20017,4.33045,3.86356,0.07465,0.1,0.21294,0.16269,0.2243,0.29816,1714.67093,bilye
0.58595,3.16491,5.40136,4.01635,0.34671,0.0897,0.22321,0.15206,0.20669,0.32601,1760.49,bilye
0.45784,1.74987,3.82204,3.05634,0.05605,0.1039,0.22187,0.15944,0.20408,0.31011,1718.83465,bilye
0.60809,2.2734,3.73863,3.07719,-0.03591,0.0999,0.21939,0.16015,0.19658,0.32358,1758.68192,bilye
0.48685,1.89521,3.89276,3.64415,0.0838,0.1016,0.20367,0.1526,0.22838,0.31178,1797.33596,bilye
0.55451,2.96,5.33809,3.88072,0.16402,0.1119,0.21852,0.16521,0.19635,0.30752,1785.86547,bilye
0.74849,2.93102,3.9159,3.76188,0.04597,0.09564,0.20617,0.14649,0.23402,0.31713,1743.8755,bilye
0.52995,1.56445,2.95207,2.75192,-0.03631,0.10753,0.22684,0.14988,0.19405,0.32005,1727.72721,bilye
0.4392,1.41902,3.23091,2.72632,0.00869,0.10746,0.23333,0.16703,0.17088,0.32051,1765.56192,bilye
0.7327,2.84821,3.88727,3.29923,0.25434,0.11107,0.20912,0.15146,0.20234,0.32395,1718.76252,bilye
0.59576,2.29927,3.8594,3.24933,-0.04743,0.09972,0.21207,0.15615,0.21481,0.3156,1756.326,bilye
0.53132,1.99731,3.75916,3.21385,0.16505,0.11515,0.21229,0.16288,0.19377,0.31489,1792.35159,bilye
0.60907,2.52583,4.14703,3.19696,-0.0567,0.09648,0.21997,0.14922,0.21689,0.31593,1764.07177,bilye
0.69936,3.23911,4.63154,3.79037,0.04371,0.09966,0.21522,0.14646,0.22797,0.31061,1722.96782,bilye
0.68126,2.26108,3.31896,3.09045,0.03118,0.10246,0.22369,0.15675,0.18216,0.33465,1792.97812,bilye
0.58006,2.58761,4.4609,3.56551,0.29177,0.09878,0.22673,0.14909,0.20714,0.31788,1759.76312,bilye
0.46457,1.66114,3.57563,2.84537,-0.02178,0.10615,0.22633,0.15697,0.1982,0.31224,1786.38696,bilye
0.72481,2.7375,3.77686,2.92407,-0.08154,0.10147,0.21945,0.16514,0.18871,0.32511,1758.37459,bilye
0.70461,2.44049,3.46361,3.12176,0.13207,0.10143,0.22572,0.15865,0.19457,0.31936,1776.5183,bilye
0.62775,2.20692,3.51558,2.8781,0.0393,0.1031,0.2213,0.14321,0.20755,0.32343,1725.99154,bilye
0.7443,3.57188,4.79898,4.13563,0.31266,0.10842,0.19959,0.15384,0.23448,0.30228,1703.53891,bilye
0.53756,1.91145,3.55577,2.85046,0.06323,0.10591,0.24167,0.15382,0.16842,0.32988,1745.3583,bilye
0.78819,3.5641,4.52188,4.04338,0.1934,0.09937,0.20929,0.14604,0.24015,0.30447,1705.52169,bilye
0.46102,2.13128,4.62296,4.15814,0.1926,0.09382,0.21225,0.14649,0.23845,0.30865,1788.49671,bilye
0.67659,2.67702,3.95663,3.33735,-0.06128,0.11401,0.23435,0.14574,0.18296,0.32188,1721.07017,bilye
0.55249,1.98352,3.59018,2.90757,-0.05592,0.11144,0.23714,0.14621,0.18806,0.31687,1716.3177,bilye
0.5902,2.4507,4.15231,3.18101,-0.04691,0.10652,0.21767,0.16138,0.19018,0.3224,1768.28792,bilye
0.67844,2.7476,4.04986,3.12417,-0.06982,0.11011,0.25416,0.15596,0.16946,0.30982,1737.59449,bilye
0.76798,3.29962,4.29648,3.50635,0.13052,0.09681,0.21832,0.15581,0.21379,0.315,1763.8745,bilye
0.70339,2.49765,3.55087,3.10369,0.0563,0.10666,0.23709,0.15881,0.17784,0.3192,1775.75084,bilye
0.80011,4.10821,5.13457,3.84433,0.05218,0.10047,0.20847,0.15499,0.22739,0.30759,1708.12425,bilye
0.58497,2.06,3.52154,2.9408,-0.12398,0.10926,0.23831,0.16246,0.16128,0.32804,1790.66127,bilye
0.67372,2.4758,3.67483,2.89014,0.01421,0.10384,0.22776,0.16363,0.18501,0.31908,1740.15455,bilye
0.67594,3.03095,4.48404,3.90601,0.04274,0.09075,0.21241,0.15178,0.22762,0.31639,1761.81462,bilye
0.4613,1.68102,3.64406,3.48994,0.12861,0.10323,0.21165,0.15253,0.21407,0.31803,1785.2677,bilye
0.48028,2.36067,4.91525,4.50282,0.32037,0.09745,0.21274,0.14737,0.23544,0.30607,1715.01737,bilye
0.61486,3.09988,5.04161,4.01124,0.24338,0.09296,0.21969,0.1592,0.22291,0.30313,1786.29154,bilye
0.53086,2.74044,5.16228,4.50761,0.2863,0.09476,0.21348,0.15328,0.23093,0.30607,1763.63273,bilye
0.53215,2.17781,4.09247,3.4312,-0.01048,0.1016,0.20866,0.16033,0.21173,0.31703,1787.65762,bilye
0.62191,2.08374,3.35054,2.70308,0.01274,0.11044,0.23782,0.15623,0.16305,0.33201,1755.99855,bilye
0.40365,1.47896,3.66396,3.10829,0.08264,0.10659,0.22029,0.16338,0.2016,0.30678,1705.73655,bilye
0.676,2.46115,3.64076,3.33462,0.09874,0.09969,0.21131,0.16423,0.20339,0.32112,1790.84602,bilye
0.75739,3.71739,4.90815,3.49302,0.10402,0.10479,0.22334,0.16022,0.20405,0.3075,1710.6753,bilye
0.57763,2.04757,3.54479,3.0797,-0.07207,0.09591,0.22471,0.16583,0.19727,0.31548,1742.58586,bilye
0.5054,2.34285,4.63564,4.05981,0.13601,0.09639,0.20635,0.15982,0.22386,0.31283,1716.35984,bilye
0.47986,1.57749,3.28742,3.18196,0.01413,0.1071,0.21534,0.16084,0.21562,0.29873,1796.27344,bilye
0.42842,1.72273,4.02108,2.99507,0.04171,0.1149,0.24985,0.15357,0.16277,0.31819,1714.477,bilye
0.64957,1.99563,3.07225,2.8487,0.17491,0.11373,0.22921,0.15849,0.16757,0.33092,1742.35932,bilye
0.44281,2.19027,4.94631,3.6438,0.21358,0.10161,0.22152,0.14036,0.214,0.32173,1792.40822,bilye
0.42963,1.82874,4.25659,3.48784,0.07131,0.10859,0.21292,0.15515,0.20901,0.31315,1733.24085,bilye
0.63348,2.75559,4.3499,3.28481,0.0272,0.10311,0.22083,0.15168,0.21972,0.30234,1732.39909,bilye
0.68927,2.30557,3.34493,2.79401,-0.11968,0.11205,0.23373,0.16609,0.17264,0.31415,1784.5403,bilye
0.44213,1.62915,3.68479,2.99099,0.04599,0.10388,0.2283,0.16364,0.17687,0.3272,1766.41752,bilye
0.68169,2.6216,3.84576,3.09398,-0.00916,0.09864,0.20353,0.16008,0.21246,0.32419,1756.12152,bilye
0.52479,2.4225,4.61614,3.10613,0.03076,0.11803,0.23799,0.1566,0.17421,0.31286,1721.07619,bilye
0.56203,2.05514,3.65663,2.91606,-0.0743,0.1107,0.23668,0.15574,0.17996,0.31649,1757.54688,bilye
0.7225,2.44302,3.38132,2.70606,-0.02997,0.11353,0.23799,0.16524,0.1636,0.31734,1754.22169,bilye
0.65549,3.32561,5.07344,4.73347,0.32549,0.09931,0.20194,0.15094,0.2285,0.31704,1714.36804,bilye
0.7236,2.86622,3.96108,3.5257,0.02716,0.10698,0.2201,0.14521,0.21287,0.31328,1719.51073,bilye
0.47376,1.65451,3.49228,2.97586,-0.08453,0.11142,0.2351,0.159,0.17682,0.3161,1795.28583,bilye
0.6828,2.1555,3.15686,2.72174,0.01594,0.10889,0.24075,0.16423,0.1777,0.30799,1788.2637,bilye
0.64116,2.80224,4.37055,3.49931,0.05485,0.09481,0.22535,0.14925,0.22234,0.30743,1777.56634,bilye
0.62039,2.32572,3.74878,3.0517,-0.08621,0.10216,0.22826,0.15413,0.19189,0.32219,1767.89782,bilye
0.705,3.83183,5.4352,3.98542,-0.0331,0.10199,0.20465,0.15865,0.21605,0.31811,1745.00155,bilye
0.53351,1.83046,3.43096,3.25864,0.08034,0.10989,0.21604,0.15796,0.20163,0.31315,1797.62843,bilye
0.70734,2.65067,3.74737,3.08029,0.08074,0.09958,0.23935,0.15628,0.16784,0.33694,1767.68109,bilye
0.47228,2.00212,4.23922,3.69434,0.12907,0.09837,0.22108,0.165,0.20984,0.30358,1750.32763,bilye
0.48642,1.93031,3.9684,3.18263,-0.15489,0.09404,0.22964,0.15872,0.19853,0.3183,1751.33087,bilye
0.67441,2.52513,3.74423,3.12052,0.0561,0.10189,0.24553,0.16414,0.17844,0.30981,1760.17636,bilye
0.44859,1.89227,4.21822,3.30346,-0.15795,0.10077,0.22855,0.1525,0.19658,0.31949,1726.55181,bilye
0.7893,4.33088,5.48697,4.00878,0.1285,0.10079,0.21973,0.15046,0.21318,0.31474,1739.60301,bilye
0.63774,2.75927,4.3266,3.11302,0.11296,0.10061,0.23533,0.15882,0.17825,0.32545,1777.91437,bilye
0.62475,2.33977,3.74515,3.08845,0.18014,0.1115,0.22157,0.15184,0.19303,0.32117,1711.91822,bilye
0.64453,2.43461,3.77734,3.26229,0.04916,0.10918,0.2224,0.16008,0.1946,0.31199,1792.38383,bilye
0.41619,1.48656,3.57182,2.88042,0.00964,0.10956,0.24123,0.15277,0.17126,0.32455,1728.55114,bilye
0.62864,2.47084,3.93046,3.37275,0.03272,0.11604,0.21861,0.16043,0.1951,0.30917,1719.72233,bilye
0.64122,2.16576,3.37756,3.01743,0.00069,0.11065,0.22879,0.1553,0.17012,0.33498,1703.80032,bilye
0.75415,3.7667,4.99462,3.58075,0.24622,0.10778,0.20941,0.15189,0.21991,0.31031,1718.57293,bilye
0.48913,1.64449,3.36209,2.99881,-0.01974,0.11079,0.21945,0.16052,0.18403,0.32416,1708.16307,bilye
0.8344,3.53037,4.23101,4.32982,0.01806,0.09418,0.20478,0.15481,0.23716,0.30763,1794.97844,bilye
0.70757,2.66826,3.77105,2.86088,0.16544,0.10841,0.24049,0.15558,0.1765,0.31879,1773.98245,bilye
0.45521,2.94527,6.47007,4.69389,0.28129,0.09957,0.21422,0.14274,0.23462,0.30878,1715.89071,bilye
0.61933,2.85611,4.61159,3.77203,0.10202,0.09378,0.22242,0.15896,0.22225,0.30205,1785.22069,bilye
0.50238,2.34069,4.65925,4.55061,0.29364,0.10146,0.20238,0.14532,0.23021,0.31859,1720.54122,bilye
0.71697,2.20034,3.06896,2.86933,-0.01463,0.09912,0.24278,0.16264,0.17437,0.3209,1752.86535,bilye
0.44437,1.78765,4.02291,3.50857,0.18967,0.10615,0.20822,0.14854,0.22704,0.30805,1704.80073,bilye
0.56657,2.01751,3.56093,2.83265,0.14558,0.10455,0.22784,0.15868,0.1859,0.32261,1724.05481,bilye
0.57026,1.9981,3.50387,3.12583,-0.0013,0.09405,0.22997,0.15754,0.18884,0.32899,1754.17826,bilye
0.62317,2.09524,3.36222,2.95051,0.02444,0.10815,0.22697,0.15145,0.18325,0.33005,1702.65659,bilye
0.58831,2.22294,3.77853,3.00781,0.04523,0.11142,0.21883,0.1718,0.18381,0.31338,1715.32506,bilye
0.71021,3.39675,4.78277,3.88944,0.35929,0.09315,0.21673,0.16102,0.21188,0.31626,1750.38026,bilye
0.53121,1.62757,3.0639,2.86328,-0.02378,0.1093,0.23422,0.15976,0.17616,0.32038,1744.93565,bilye
0.72707,3.08171,4.23853,3.50102,0.22448,0.09956,0.2041,0.15868,0.22013,0.31538,1728.18912,bilye
0.70581,3.05632,4.33026,3.30937,0.13105,0.10133,0.21664,0.15882,0.21788,0.30386,1719.73384,bilye
0.54452,2.36108,4.33606,3.37894,0.23072,0.10107,0.22081,0.14505,0.2183,0.31464,1766.73186,bilye
0.58543,2.31612,3.95624,3.50707,0.21584,0.10257,0.21751,0.15572,0.20222,0.32185,1726.1488,bilye
0.56383,3.38449,6.00266,4.28922,0.39395,0.09465,0.21317,0.15154,0.22716,0.31283,1737.52679,bilye
